Tree_ID,Longitude,Latitude,Height_m,NDRE_Absolute,NDRE_Relative,Classification,Health_Status,Health_Label,Action,Block_Name,Tilt_Offset_m,Tilt_Direction,Tilt_Angle_deg,Tilt_Status,Crown_Ellipticity,Crown_Px,Classification_Abs,Health_Status_Abs,Action_Abs,Block_Status,SR_Ref_Corrected,SR_Area_Ha
25,109.22324708959384,-0.4606701387631645,14.38,0.4509275555610657,0.8263,TM,Healthy,Sehat (Hijau),Rutin,AMEIV_C18B,0.013,W,0.05,Tegak,1.0,16129,Normal,Moderate,Routine,OK,398,3.0
31,109.2225705393344,-0.460732540592965,13.67,0.4373867809772491,0.7902,TM,Healthy,Sehat (Hijau),Rutin,AMEIV_C18B,0.068,NE,0.29,Tegak,1.118,15142,Normal,Moderate,Routine,OK,398,3.0
21,109.22280714057838,-0.4605632391868501,12.33,0.4789709746837616,0.9011,TM,Healthy,Sehat (Hijau),Rutin,AMEIV_C18B,0.067,NW,0.31,Tegak,1.178,11810,Healthy,Good,None,OK,398,3.0
3,109.22288923622186,-0.460295452746655,12.28,0.3876033425331116,0.6583,TM,Healthy,Sehat (Hijau),Rutin,AMEIV_C18B,0.084,SW,0.39,Tegak,1.27,13459,Suspect,Critical,Priority Survey,OK,398,3.0
126,109.22310140574992,-0.461751341995315,11.93,0.4695519208908081,0.8759,TM,Healthy,Sehat (Hijau),Rutin,AMEIV_C18B,0.568,SW,2.73,Miring Ringan,1.132,8044,Healthy,Good,None,OK,398,3.0
5,109.2230276062256,-0.4603063332352812,11.82,0.4389860928058624,0.7945,TM,Healthy,Sehat (Hijau),Rutin,AMEIV_C18B,0.098,E,0.47,Tegak,1.11,14277,Normal,Moderate,Routine,OK,398,3.0
6,109.2229252732093,-0.4603204904861973,11.48,0.4575237929821014,0.8438,TM,Healthy,Sehat (Hijau),Rutin,AMEIV_C18B,0.066,NW,0.33,Tegak,1.039,15236,Normal,Moderate,Routine,OK,398,3.0
28,109.22296453999112,-0.4606867536133179,11.47,0.5067824721336365,0.9756,TM,Healthy,Sehat (Hijau),Rutin,AMEIV_C18B,0.024,S,0.12,Tegak,1.015,15987,Healthy,Good,None,OK,398,3.0
100,109.22360153857504,-0.4614081574366403,11.45,0.458089679479599,0.8453,TM,Healthy,Sehat (Hijau),Rutin,AMEIV_C18B,0.437,SW,2.19,Tegak,1.552,6332,Normal,Moderate,Routine,OK,398,3.0
7,109.22325173293687,-0.4603222409789082,11.03,0.4656499624252319,0.8655,TM,Healthy,Sehat (Hijau),Rutin,AMEIV_C18B,0.086,NW,0.45,Tegak,1.215,12877,Healthy,Good,None,OK,398,3.0
32,109.22291480850338,-0.460754318605593,10.71,0.4041853249073028,0.7021,TM,Healthy,Sehat (Hijau),Rutin,AMEIV_C18B,0.205,S,1.1,Tegak,1.251,13207,Abnormal,Sub-Optimal,Monitor,OK,398,3.0
33,109.22302707083108,-0.4607952270092828,10.39,0.4540810585021972,0.8347,TM,Healthy,Sehat (Hijau),Rutin,AMEIV_C18B,0.2,NW,1.1,Tegak,1.337,4795,Normal,Moderate,Routine,OK,398,3.0
106,109.22307123262044,-0.4614693443932257,10.18,0.4586665332317352,0.8469,TM,Healthy,Sehat (Hijau),Rutin,AMEIV_C18B,0.14,E,0.79,Tegak,1.077,13356,Normal,Moderate,Routine,OK,398,3.0
102,109.22326471745912,-0.4614226728169285,10.13,0.4422478377819061,0.8031,TM,Healthy,Sehat (Hijau),Rutin,AMEIV_C18B,0.118,E,0.67,Tegak,1.163,7096,Normal,Moderate,Routine,OK,398,3.0
60,109.22338410623698,-0.4611269469978684,9.96,0.4955126345157623,0.9454,TM,Healthy,Sehat (Hijau),Rutin,AMEIV_C18B,0.203,SE,1.17,Tegak,1.244,10118,Healthy,Good,None,OK,398,3.0
76,109.22318521887505,-0.4612411947450465,9.88,0.4727740585803985,0.8845,TM,Healthy,Sehat (Hijau),Rutin,AMEIV_C18B,0.217,NW,1.26,Tegak,1.241,10729,Healthy,Good,None,OK,398,3.0
571,109.22309642836947,-0.461775118006846,9.78,0.3123855292797088,0.4605,TM,Moderate,Perhatian (Kuning),Monitoring,AMEIV_C18B,1.33,N,7.75,Miring Sedang,1.652,7257,Suspect,Critical,Priority Survey,OK,398,3.0
4,109.2231158509248,-0.4603021839265163,9.78,0.3147425651550293,0.4667,TM,Moderate,Perhatian (Kuning),Monitoring,AMEIV_C18B,0.139,W,0.82,Tegak,1.183,12879,Suspect,Critical,Priority Survey,OK,398,3.0
26,109.22277893840264,-0.4606862898560281,9.77,0.3241501152515411,0.4913,TM,Moderate,Perhatian (Kuning),Monitoring,AMEIV_C18B,0.318,W,1.86,Tegak,1.964,9021,Suspect,Critical,Priority Survey,OK,398,3.0
44,109.22258498671896,-0.4609452881070575,9.68,0.5568760633468628,1.0,TM,Healthy,Sehat (Hijau),Rutin,AMEIV_C18B,0.012,SW,0.07,Tegak,1.014,16019,Healthy,Good,None,OK,398,3.0
23,109.22292852595004,-0.4605691096930265,9.64,0.3383387625217438,0.5285,TM,Moderate,Perhatian (Kuning),Monitoring,AMEIV_C18B,0.137,S,0.81,Tegak,1.451,10733,Suspect,Critical,Priority Survey,OK,398,3.0
70,109.22337580140965,-0.4612036996002832,9.47,0.4538816511631012,0.8341,TM,Healthy,Sehat (Hijau),Rutin,AMEIV_C18B,0.042,SW,0.25,Tegak,1.097,14667,Normal,Moderate,Routine,OK,398,3.0
13,109.22265140949304,-0.460394673548958,9.47,0.0604906938970088,0.0,TM,Critical,Kritis (Merah),Gali Parit Isolasi,AMEIV_C18B,0.148,S,0.89,Tegak,1.038,15000,Suspect,Critical,Priority Survey,OK,398,3.0
2,109.22277821088146,-0.4602783219450197,9.39,0.5072161555290222,0.9768,TM,Healthy,Sehat (Hijau),Rutin,AMEIV_C18B,0.279,NE,1.7,Tegak,1.361,9302,Healthy,Good,None,OK,398,3.0
112,109.22323901007309,-0.4615090153709732,9.38,0.5736968517303467,1.0,TM,Healthy,Sehat (Hijau),Rutin,AMEIV_C18B,0.033,N,0.2,Tegak,1.224,13638,Healthy,Good,None,OK,398,3.0
557,109.22403107082192,-0.4617557473734123,9.34,0.3760703206062317,0.6278,TM,Moderate,Perhatian (Kuning),Monitoring,AMEIV_C18B,1.348,NW,8.21,Miring Sedang,1.511,7671,Suspect,Critical,Priority Survey,OK,398,3.0
75,109.22301826245312,-0.4612319755808775,9.25,0.4756998121738434,0.8924,TM,Healthy,Sehat (Hijau),Rutin,AMEIV_C18B,0.038,N,0.24,Tegak,1.023,14488,Healthy,Good,None,OK,398,3.0
68,109.22354815045732,-0.4611853885345534,9.22,0.4409127235412597,0.7996,TM,Healthy,Sehat (Hijau),Rutin,AMEIV_C18B,0.209,N,1.3,Tegak,1.235,10930,Normal,Moderate,Routine,OK,398,3.0
15,109.22392327474932,-0.4604100099171695,9.2,0.4126593768596649,0.7246,TM,Healthy,Sehat (Hijau),Rutin,AMEIV_C18B,0.029,SW,0.18,Tegak,1.025,15957,Abnormal,Sub-Optimal,Monitor,OK,398,3.0
322,109.22255101291614,-0.4609536224658421,9.19,0.3423105478286743,0.539,TM,Moderate,Perhatian (Kuning),Monitoring,AMEIV_C18B,1.547,E,9.55,Miring Berat,1.863,7320,Suspect,Critical,Priority Survey,OK,398,3.0
103,109.22337947103011,-0.4614414732024364,9.18,0.5078336000442505,0.9784,TM,Healthy,Sehat (Hijau),Rutin,AMEIV_C18B,0.163,NE,1.02,Tegak,1.216,7310,Healthy,Good,None,OK,398,3.0
11,109.2238884887647,-0.4603520180127894,9.18,0.4062141180038452,0.7075,TM,Healthy,Sehat (Hijau),Rutin,AMEIV_C18B,0.027,N,0.17,Tegak,1.0,16129,Abnormal,Sub-Optimal,Monitor,OK,398,3.0
86,109.2233326893166,-0.46130839216928,9.15,0.433041363954544,0.7787,TM,Healthy,Sehat (Hijau),Rutin,AMEIV_C18B,0.065,SW,0.41,Tegak,1.604,7780,Normal,Moderate,Routine,OK,398,3.0
125,109.2229448058403,-0.4617450454046798,9.09,0.5022582411766052,0.9635,TM,Healthy,Sehat (Hijau),Rutin,AMEIV_C18B,0.075,E,0.47,Tegak,1.017,15557,Healthy,Good,None,OK,398,3.0
122,109.22358985636536,-0.4617389505635106,9.0,0.4740208387374878,0.8879,TM,Healthy,Sehat (Hijau),Rutin,AMEIV_C18B,0.066,SE,0.42,Tegak,1.141,14497,Healthy,Good,None,OK,398,3.0
237,109.22297532319816,-0.4606396189406893,8.99,0.3565419316291809,0.5764,TM,Moderate,Perhatian (Kuning),Monitoring,AMEIV_C18B,1.582,S,9.98,Miring Berat,1.832,7115,Suspect,Critical,Priority Survey,OK,398,3.0
17,109.22256481690916,-0.4604192633596872,8.95,0.3762151002883911,0.6282,TM,Moderate,Perhatian (Kuning),Monitoring,AMEIV_C18B,0.074,SE,0.48,Tegak,1.211,8376,Suspect,Critical,Priority Survey,OK,398,3.0
83,109.22315661923324,-0.4612962506952541,8.92,0.510308027267456,0.9851,TM,Healthy,Sehat (Hijau),Rutin,AMEIV_C18B,0.12,NE,0.77,Tegak,1.327,11781,Healthy,Good,None,OK,398,3.0
127,109.22395276973802,-0.4617569791110757,8.92,0.4591586589813232,0.8482,TM,Healthy,Sehat (Hijau),Rutin,AMEIV_C18B,0.151,S,0.97,Tegak,1.253,12263,Normal,Moderate,Routine,OK,398,3.0
234,109.22273835292066,-0.4606262107960355,8.9,0.1439761519432068,0.0249,TM,Critical,Kritis (Merah),Gali Parit Isolasi,AMEIV_C18B,1.003,NE,6.43,Miring Sedang,1.19,6034,Suspect,Critical,Priority Survey,OK,398,3.0
78,109.22309448335064,-0.4612657834878229,8.81,0.4858209192752838,0.9194,TM,Healthy,Sehat (Hijau),Rutin,AMEIV_C18B,0.158,NE,1.03,Tegak,1.17,14284,Healthy,Good,None,OK,398,3.0
63,109.22318482931396,-0.4611414969901622,8.71,0.479612648487091,0.9028,TM,Healthy,Sehat (Hijau),Rutin,AMEIV_C18B,0.173,NW,1.14,Tegak,1.114,6470,Healthy,Good,None,OK,398,3.0
94,109.2231512110086,-0.46138676980052,8.65,0.4541062712669372,0.8347,TM,Healthy,Sehat (Hijau),Rutin,AMEIV_C18B,0.196,NW,1.3,Tegak,1.292,11602,Normal,Moderate,Routine,OK,398,3.0
91,109.22339855391824,-0.4613384431724401,8.65,0.5152478814125061,0.9984,TM,Healthy,Sehat (Hijau),Rutin,AMEIV_C18B,0.082,N,0.54,Tegak,1.103,10615,Healthy,Good,None,OK,398,3.0
40,109.22378105002852,-0.4609080455419605,8.64,0.46753790974617,0.8706,TM,Healthy,Sehat (Hijau),Rutin,AMEIV_C18B,0.062,W,0.41,Tegak,1.038,15577,Healthy,Good,None,OK,398,3.0
1,109.22271565524191,-0.4602699633494391,8.61,0.3770835101604461,0.6305,TM,Moderate,Perhatian (Kuning),Monitoring,AMEIV_C18B,0.108,N,0.72,Tegak,1.05,15484,Suspect,Critical,Priority Survey,OK,398,3.0
565,109.22341253416168,-0.4617639346481129,8.51,0.3637446463108063,0.5953,TM,Moderate,Perhatian (Kuning),Monitoring,AMEIV_C18B,1.145,W,7.66,Miring Sedang,1.185,7732,Suspect,Critical,Priority Survey,OK,398,3.0
562,109.22359896493928,-0.4617623129810501,8.5,0.4206442236900329,0.7457,TM,Healthy,Sehat (Hijau),Rutin,AMEIV_C18B,1.463,N,9.77,Miring Sedang,1.612,7523,Abnormal,Sub-Optimal,Monitor,OK,398,3.0
67,109.22311604917356,-0.461174017011641,8.5,0.4890291392803192,0.928,TM,Healthy,Sehat (Hijau),Rutin,AMEIV_C18B,0.076,S,0.51,Tegak,1.047,15328,Healthy,Good,None,OK,398,3.0
53,109.22340276819833,-0.4610506141422005,8.36,0.4343436360359192,0.7821,TM,Healthy,Sehat (Hijau),Rutin,AMEIV_C18B,0.112,NW,0.77,Tegak,1.652,7489,Normal,Moderate,Routine,OK,398,3.0
34,109.22383948503276,-0.4608267169110603,8.33,0.3909128308296203,0.667,TM,Healthy,Sehat (Hijau),Rutin,AMEIV_C18B,0.066,SW,0.46,Tegak,1.045,14982,Abnormal,Sub-Optimal,Monitor,OK,398,3.0
124,109.22401367437736,-0.4617407257700885,8.27,0.4688190221786499,0.874,TM,Healthy,Sehat (Hijau),Rutin,AMEIV_C18B,0.096,SE,0.67,Tegak,1.259,13949,Healthy,Good,None,OK,398,3.0
49,109.22370437883012,-0.46101940403557,8.21,0.4908454418182373,0.9329,TM,Healthy,Sehat (Hijau),Rutin,AMEIV_C18B,0.116,SW,0.81,Tegak,1.015,14747,Healthy,Good,None,OK,398,3.0
399,109.22324115904226,-0.4611965742909376,8.19,0.396879106760025,0.6828,TM,Healthy,Sehat (Hijau),Rutin,AMEIV_C18B,0.867,E,6.04,Miring Ringan,1.509,6803,Abnormal,Sub-Optimal,Monitor,OK,398,3.0
96,109.22302733593958,-0.4613967501261456,8.19,0.437819629907608,0.7914,TM,Healthy,Sehat (Hijau),Rutin,AMEIV_C18B,0.097,E,0.68,Tegak,1.088,13533,Normal,Moderate,Routine,OK,398,3.0
111,109.22361891721452,-0.4614949279883298,8.18,0.4620708227157593,0.856,TM,Healthy,Sehat (Hijau),Rutin,AMEIV_C18B,0.079,W,0.55,Tegak,1.096,9810,Healthy,Good,None,OK,398,3.0
62,109.22302325689914,-0.461139370652921,8.18,0.443534106016159,0.8066,TM,Healthy,Sehat (Hijau),Rutin,AMEIV_C18B,0.025,N,0.17,Tegak,1.017,15637,Normal,Moderate,Routine,OK,398,3.0
121,109.22281140626188,-0.4617383375068239,8.17,0.510285496711731,0.985,TM,Healthy,Sehat (Hijau),Rutin,AMEIV_C18B,0.181,SW,1.27,Tegak,1.197,13921,Healthy,Good,None,OK,398,3.0
29,109.22310456582042,-0.4607030574311079,8.17,0.4344664812088012,0.7824,TM,Healthy,Sehat (Hijau),Rutin,AMEIV_C18B,0.106,SE,0.74,Tegak,1.1,15256,Normal,Moderate,Routine,OK,398,3.0
30,109.222774371604,-0.4607250831861904,8.07,0.5049369931221008,0.9707,TM,Healthy,Sehat (Hijau),Rutin,AMEIV_C18B,0.166,NW,1.18,Tegak,1.081,13028,Healthy,Good,None,OK,398,3.0
80,109.22304186153778,-0.4612941361154642,8.05,0.4905859231948852,0.9322,TM,Healthy,Sehat (Hijau),Rutin,AMEIV_C18B,0.059,S,0.42,Tegak,1.065,13997,Healthy,Good,None,OK,398,3.0
58,109.22353656793078,-0.4611144709586592,8.05,0.5028191208839417,0.965,TM,Healthy,Sehat (Hijau),Rutin,AMEIV_C18B,0.056,SW,0.4,Tegak,1.131,14429,Healthy,Good,None,OK,398,3.0
98,109.22345239667057,-0.4613985255994434,8.03,0.418883204460144,0.7411,TM,Healthy,Sehat (Hijau),Rutin,AMEIV_C18B,0.08,SW,0.57,Tegak,1.283,12126,Abnormal,Sub-Optimal,Monitor,OK,398,3.0
81,109.22304186143428,-0.4612945532604121,8.03,0.482296735048294,0.91,TM,Healthy,Sehat (Hijau),Rutin,AMEIV_C18B,0.047,SE,0.33,Tegak,1.07,14056,Healthy,Good,None,OK,398,3.0
87,109.22346691729928,-0.4613159345263312,7.99,0.4822609424591064,0.9099,TM,Healthy,Sehat (Hijau),Rutin,AMEIV_C18B,0.096,W,0.69,Tegak,1.102,14422,Healthy,Good,None,OK,398,3.0
569,109.22294355582264,-0.4617738280917765,7.93,0.3437095880508423,0.5426,TM,Moderate,Perhatian (Kuning),Monitoring,AMEIV_C18B,1.347,N,9.64,Miring Sedang,1.561,8393,Suspect,Critical,Priority Survey,OK,398,3.0
238,109.22292767918144,-0.4606425269916881,7.91,0.1348357647657394,0.0015,TM,Critical,Kritis (Merah),Gali Parit Isolasi,AMEIV_C18B,0.774,S,5.59,Miring Ringan,1.476,8304,Suspect,Critical,Priority Survey,OK,398,3.0
95,109.22329911239974,-0.461386806993824,7.86,0.4984227120876312,0.9532,TM,Healthy,Sehat (Hijau),Rutin,AMEIV_C18B,0.079,S,0.57,Tegak,1.04,10767,Healthy,Good,None,OK,398,3.0
79,109.22383150196222,-0.4612768145292266,7.83,0.5216717720031738,1.0,TM,Healthy,Sehat (Hijau),Rutin,AMEIV_C18B,0.039,NW,0.29,Tegak,1.026,15544,Healthy,Good,None,OK,398,3.0
373,109.22408425574514,-0.4611275400626775,7.79,0.3721543550491333,0.6175,TM,Moderate,Perhatian (Kuning),Monitoring,AMEIV_C18B,1.377,SW,10.03,Miring Sedang,1.212,7283,Suspect,Critical,Priority Survey,OK,398,3.0
263,109.22314764283756,-0.4607397770084153,7.76,0.4369493126869201,0.789,TM,Healthy,Sehat (Hijau),Rutin,AMEIV_C18B,1.469,NW,10.72,Miring Sedang,1.497,6619,Normal,Moderate,Routine,OK,398,3.0
110,109.22295481435262,-0.461480995167121,7.76,0.5609251260757446,1.0,TM,Healthy,Sehat (Hijau),Rutin,AMEIV_C18B,0.225,E,1.66,Tegak,1.337,9209,Healthy,Good,None,OK,398,3.0
64,109.22406312272643,-0.4611446377073234,7.75,0.4564855992794037,0.8411,TM,Healthy,Sehat (Hijau),Rutin,AMEIV_C18B,0.051,NW,0.38,Tegak,1.084,15059,Normal,Moderate,Routine,OK,398,3.0
123,109.22266101875128,-0.4617399682286568,7.75,0.4979971647262573,0.9521,TM,Healthy,Sehat (Hijau),Rutin,AMEIV_C18B,0.104,E,0.77,Tegak,1.095,15442,Healthy,Good,None,OK,398,3.0
66,109.2229648348304,-0.4611685561143479,7.72,0.4551277458667755,0.8374,TM,Healthy,Sehat (Hijau),Rutin,AMEIV_C18B,0.125,S,0.93,Tegak,1.107,14886,Normal,Moderate,Routine,OK,398,3.0
90,109.22308452249588,-0.4613379470658345,7.7,0.4318039417266845,0.7754,TM,Healthy,Sehat (Hijau),Rutin,AMEIV_C18B,0.016,NW,0.12,Tegak,1.137,13796,Normal,Moderate,Routine,OK,398,3.0
93,109.22260683611552,-0.4613803757047564,7.69,0.5378562808036804,1.0,TM,Healthy,Sehat (Hijau),Rutin,AMEIV_C18B,0.069,SE,0.51,Tegak,1.189,12156,Healthy,Good,None,OK,398,3.0
10,109.22360470178695,-0.4603461067973382,7.67,0.3489140272140503,0.5563,TM,Moderate,Perhatian (Kuning),Monitoring,AMEIV_C18B,0.08,E,0.6,Tegak,1.051,14723,Suspect,Critical,Priority Survey,OK,398,3.0
41,109.2239065779541,-0.4609155856782982,7.66,0.5728021264076233,1.0,TM,Healthy,Sehat (Hijau),Rutin,AMEIV_C18B,0.019,SE,0.14,Tegak,1.002,16097,Healthy,Good,None,OK,398,3.0
18,109.22270025617225,-0.4605540351613031,7.64,0.3805438876152038,0.6396,TM,Moderate,Perhatian (Kuning),Monitoring,AMEIV_C18B,0.193,NE,1.45,Tegak,1.025,6644,Suspect,Critical,Priority Survey,OK,398,3.0
284,109.2238167018888,-0.4608154482715002,7.64,0.4386284649372101,0.7935,TM,Healthy,Sehat (Hijau),Rutin,AMEIV_C18B,1.254,SE,9.32,Miring Sedang,1.371,8402,Normal,Moderate,Routine,OK,398,3.0
288,109.22339329268378,-0.4608361992026346,7.61,0.4165202379226684,0.7348,TM,Healthy,Sehat (Hijau),Rutin,AMEIV_C18B,0.776,SE,5.82,Miring Ringan,1.42,8518,Abnormal,Sub-Optimal,Monitor,OK,398,3.0
85,109.22373330877832,-0.4613030699932336,7.61,0.5059767961502075,0.9735,TM,Healthy,Sehat (Hijau),Rutin,AMEIV_C18B,0.02,W,0.15,Tegak,1.025,15910,Healthy,Good,None,OK,398,3.0
46,109.22318611190262,-0.4609813136292318,7.59,0.5071001648902893,0.9765,TM,Healthy,Sehat (Hijau),Rutin,AMEIV_C18B,0.191,N,1.44,Tegak,1.076,9969,Healthy,Good,None,OK,398,3.0
132,109.22293357665944,-0.4602491607830306,7.56,0.4247017800807953,0.7565,TM,Healthy,Sehat (Hijau),Rutin,AMEIV_C18B,1.018,S,7.67,Miring Sedang,1.564,9767,Abnormal,Sub-Optimal,Monitor,OK,398,3.0
419,109.2235344571727,-0.4612729855615614,7.5,0.4249087572097778,0.7571,TM,Healthy,Sehat (Hijau),Rutin,AMEIV_C18B,1.145,S,8.68,Miring Sedang,1.301,8158,Abnormal,Sub-Optimal,Monitor,OK,398,3.0
65,109.22345452761432,-0.4611586677203717,7.5,0.422290027141571,0.7501,TM,Healthy,Sehat (Hijau),Rutin,AMEIV_C18B,0.258,N,1.97,Tegak,1.18,11568,Abnormal,Sub-Optimal,Monitor,OK,398,3.0
560,109.22390305413468,-0.4617603037651859,7.5,0.3638785183429718,0.5957,TM,Moderate,Perhatian (Kuning),Monitoring,AMEIV_C18B,0.887,NE,6.75,Miring Ringan,1.529,10578,Suspect,Critical,Priority Survey,OK,398,3.0
24,109.2227511972376,-0.4606207911377643,7.49,0.1767938882112503,0.109,TM,Critical,Kritis (Merah),Gali Parit Isolasi,AMEIV_C18B,0.252,NW,1.92,Tegak,1.244,8330,Suspect,Critical,Priority Survey,OK,398,3.0
14,109.22364611753432,-0.4603995117610553,7.48,-0.011591650545597,0.0,TM,Critical,Kritis (Merah),Gali Parit Isolasi,AMEIV_C18B,0.001,N,0.01,Tegak,1.0,16129,Suspect,Critical,Priority Survey,OK,398,3.0
61,109.2232664463301,-0.4611335917482663,7.48,0.5204004645347595,1.0,TM,Healthy,Sehat (Hijau),Rutin,AMEIV_C18B,0.054,NW,0.42,Tegak,1.111,12391,Healthy,Good,None,OK,398,3.0
566,109.22398425317417,-0.4617674156610881,7.45,0.3759528398513794,0.6275,TM,Moderate,Perhatian (Kuning),Monitoring,AMEIV_C18B,1.116,N,8.52,Miring Sedang,1.652,9372,Suspect,Critical,Priority Survey,OK,398,3.0
345,109.2233882719913,-0.4610347589877151,7.42,0.4255474209785461,0.7588,TM,Healthy,Sehat (Hijau),Rutin,AMEIV_C18B,1.017,SE,7.81,Miring Sedang,1.16,7895,Abnormal,Sub-Optimal,Monitor,OK,398,3.0
77,109.22370224687792,-0.4612634333986214,7.38,0.5103631019592285,0.9852,TM,Healthy,Sehat (Hijau),Rutin,AMEIV_C18B,0.009,S,0.07,Tegak,1.042,15835,Healthy,Good,None,OK,398,3.0
55,109.22346780556984,-0.4610752420428058,7.38,0.4277927875518799,0.7647,TM,Healthy,Sehat (Hijau),Rutin,AMEIV_C18B,0.182,NW,1.41,Tegak,1.198,11866,Abnormal,Sub-Optimal,Monitor,OK,398,3.0
82,109.223536937427,-0.4612950948746979,7.37,0.4917367696762085,0.9353,TM,Healthy,Sehat (Hijau),Rutin,AMEIV_C18B,0.175,N,1.36,Tegak,1.046,12128,Healthy,Good,None,OK,398,3.0
459,109.22356798473209,-0.4613935489217333,7.36,0.4332627952098846,0.7792,TM,Healthy,Sehat (Hijau),Rutin,AMEIV_C18B,0.681,SE,5.29,Miring Ringan,1.271,7880,Normal,Moderate,Routine,OK,398,3.0
50,109.22290272719822,-0.4610242083500716,7.34,0.5548125505447388,1.0,TM,Healthy,Sehat (Hijau),Rutin,AMEIV_C18B,0.015,W,0.12,Tegak,1.119,15034,Healthy,Good,None,OK,398,3.0
9,109.22340294522331,-0.4603360447018523,7.32,0.4124529659748077,0.724,TM,Healthy,Sehat (Hijau),Rutin,AMEIV_C18B,0.126,SE,0.99,Tegak,1.166,14873,Abnormal,Sub-Optimal,Monitor,OK,398,3.0
109,109.22317687501724,-0.4614752109958504,7.32,0.4668158888816833,0.8686,TM,Healthy,Sehat (Hijau),Rutin,AMEIV_C18B,0.08,N,0.62,Tegak,1.078,14591,Healthy,Good,None,OK,398,3.0
45,109.22275193854426,-0.4609728616280899,7.29,0.5314878225326538,1.0,TM,Healthy,Sehat (Hijau),Rutin,AMEIV_C18B,0.113,SW,0.89,Tegak,1.188,10210,Healthy,Good,None,OK,398,3.0
440,109.2233086567926,-0.4613234033483939,7.29,0.3526637256145477,0.5662,TM,Moderate,Perhatian (Kuning),Monitoring,AMEIV_C18B,1.089,E,8.49,Miring Sedang,1.417,7187,Suspect,Critical,Priority Survey,OK,398,3.0
39,109.2233617913724,-0.4608979287582301,7.28,0.5475274324417114,1.0,TM,Healthy,Sehat (Hijau),Rutin,AMEIV_C18B,0.195,SW,1.53,Tegak,1.043,11912,Healthy,Good,None,OK,398,3.0
73,109.22259776315693,-0.4612135154725594,7.26,0.4055941998958587,0.7058,TM,Healthy,Sehat (Hijau),Rutin,AMEIV_C18B,0.154,NW,1.22,Tegak,1.117,13862,Abnormal,Sub-Optimal,Monitor,OK,398,3.0
27,109.22286718195843,-0.4606867291632228,7.22,0.4666639268398285,0.8682,TM,Healthy,Sehat (Hijau),Rutin,AMEIV_C18B,0.082,NW,0.65,Tegak,1.081,15434,Healthy,Good,None,OK,398,3.0
240,109.22312405065848,-0.4606496677647289,7.19,0.1088615581393241,0.0,TM,Critical,Kritis (Merah),Gali Parit Isolasi,AMEIV_C18B,0.924,SE,7.32,Miring Ringan,1.098,8078,Suspect,Critical,Priority Survey,OK,398,3.0
107,109.2234834504894,-0.4614706995058952,7.19,0.4791139960289001,0.9015,TM,Healthy,Sehat (Hijau),Rutin,AMEIV_C18B,0.065,SE,0.51,Tegak,1.035,14697,Healthy,Good,None,OK,398,3.0
113,109.22337820818176,-0.4615219818798621,7.14,0.4141291677951813,0.7285,TM,Healthy,Sehat (Hijau),Rutin,AMEIV_C18B,0.058,NE,0.47,Tegak,1.061,14027,Abnormal,Sub-Optimal,Monitor,OK,398,3.0
128,109.22338187745106,-0.4617610069178496,7.13,0.4219618737697601,0.7492,TM,Healthy,Sehat (Hijau),Rutin,AMEIV_C18B,0.085,NE,0.68,Tegak,1.137,14693,Abnormal,Sub-Optimal,Monitor,OK,398,3.0
48,109.2229669445571,-0.4610142130099907,7.1,0.47866290807724,0.9003,TM,Healthy,Sehat (Hijau),Rutin,AMEIV_C18B,0.162,W,1.31,Tegak,1.037,13926,Healthy,Good,None,OK,398,3.0
72,109.22345410060042,-0.4612099764565832,7.07,0.4100989401340484,0.7178,TM,Healthy,Sehat (Hijau),Rutin,AMEIV_C18B,0.347,SE,2.81,Tegak,1.383,10456,Abnormal,Sub-Optimal,Monitor,OK,398,3.0
97,109.22287073417934,-0.4613979621727761,7.06,0.4378279447555542,0.7914,TM,Healthy,Sehat (Hijau),Rutin,AMEIV_C18B,0.351,NE,2.84,Tegak,1.104,10698,Normal,Moderate,Routine,OK,398,3.0
19,109.22327280396382,-0.4605554303365807,7.04,0.4868490695953369,0.9222,TM,Healthy,Sehat (Hijau),Rutin,AMEIV_C18B,0.278,W,2.26,Tegak,1.092,10150,Healthy,Good,None,OK,398,3.0
428,109.22368649693736,-0.4612913781632166,6.99,0.425241082906723,0.7579,TM,Healthy,Sehat (Hijau),Rutin,AMEIV_C18B,1.23,NE,9.98,Miring Sedang,1.643,9108,Abnormal,Sub-Optimal,Monitor,OK,398,3.0
454,109.2225877786964,-0.4613807880555767,6.99,0.4104662835597992,0.7187,TM,Healthy,Sehat (Hijau),Rutin,AMEIV_C18B,0.913,E,7.44,Miring Ringan,1.2,9905,Abnormal,Sub-Optimal,Monitor,OK,398,3.0
570,109.2239361936935,-0.4617749121836457,6.98,0.3967648446559906,0.6825,TM,Healthy,Sehat (Hijau),Rutin,AMEIV_C18B,1.242,N,10.09,Miring Sedang,1.677,8990,Abnormal,Sub-Optimal,Monitor,OK,398,3.0
158,109.2231187445485,-0.4603280476421649,6.96,0.2009641081094741,0.1712,TM,Sub-Optimal,Sub-Optimal (Oranye),Inspeksi Lanjut,AMEIV_C18B,1.419,N,11.53,Miring Sedang,1.378,7171,Suspect,Critical,Priority Survey,OK,398,3.0
450,109.2234544757774,-0.4613676573870961,6.95,0.4399764537811279,0.7971,TM,Healthy,Sehat (Hijau),Rutin,AMEIV_C18B,0.427,W,3.52,Tegak,1.26,10605,Normal,Moderate,Routine,OK,398,3.0
559,109.2228085014689,-0.4617575254420358,6.93,0.4342108964920044,0.7818,TM,Healthy,Sehat (Hijau),Rutin,AMEIV_C18B,1.117,N,9.16,Miring Sedang,1.534,9684,Normal,Moderate,Routine,OK,398,3.0
479,109.22289889313288,-0.4614492780835104,6.88,0.4571965038776397,0.843,TM,Healthy,Sehat (Hijau),Rutin,AMEIV_C18B,0.739,SW,6.13,Miring Ringan,1.328,8903,Normal,Moderate,Routine,OK,398,3.0
105,109.22274767507496,-0.4614588343752852,6.88,0.4613610208034515,0.8541,TM,Healthy,Sehat (Hijau),Rutin,AMEIV_C18B,0.351,S,2.92,Tegak,1.16,10069,Healthy,Good,None,OK,398,3.0
415,109.22358914868693,-0.4612517249089408,6.87,0.43268021941185,0.7777,TM,Healthy,Sehat (Hijau),Rutin,AMEIV_C18B,0.591,N,4.91,Miring Ringan,1.41,8966,Normal,Moderate,Routine,OK,398,3.0
84,109.22289064430042,-0.4613003552645144,6.85,0.4386618137359619,0.7936,TM,Healthy,Sehat (Hijau),Rutin,AMEIV_C18B,0.044,S,0.37,Tegak,1.091,10236,Normal,Moderate,Routine,OK,398,3.0
561,109.22363583713876,-0.4617606536784829,6.8,0.3470511436462402,0.5514,TM,Moderate,Perhatian (Kuning),Monitoring,AMEIV_C18B,0.627,NE,5.27,Miring Ringan,1.533,10185,Suspect,Critical,Priority Survey,OK,398,3.0
431,109.2228910593145,-0.4612974353542858,6.77,0.45162433385849,0.8281,TM,Healthy,Sehat (Hijau),Rutin,AMEIV_C18B,0.28,S,2.37,Tegak,1.066,10295,Normal,Moderate,Routine,OK,398,3.0
344,109.22311733155966,-0.4610146679467123,6.77,0.5080978870391846,0.9792,TM,Healthy,Sehat (Hijau),Rutin,AMEIV_C18B,0.273,NW,2.31,Tegak,1.426,5284,Healthy,Good,None,OK,398,3.0
43,109.22354489808622,-0.4609355178081788,6.76,0.4425758123397827,0.804,TM,Healthy,Sehat (Hijau),Rutin,AMEIV_C18B,0.05,W,0.42,Tegak,1.23,11347,Normal,Moderate,Routine,OK,398,3.0
74,109.22361815444812,-0.4612296235087917,6.76,0.4986123442649841,0.9537,TM,Healthy,Sehat (Hijau),Rutin,AMEIV_C18B,0.153,E,1.3,Tegak,1.06,14684,Healthy,Good,None,OK,398,3.0
206,109.22266132547,-0.4605035508542633,6.75,0.4417795538902282,0.8019,TM,Healthy,Sehat (Hijau),Rutin,AMEIV_C18B,0.642,SW,5.43,Miring Ringan,1.16,6659,Normal,Moderate,Routine,OK,398,3.0
293,109.22385273682632,-0.460848828931838,6.73,0.4400225579738617,0.7972,TM,Healthy,Sehat (Hijau),Rutin,AMEIV_C18B,1.218,N,10.26,Miring Sedang,1.51,9578,Normal,Moderate,Routine,OK,398,3.0
531,109.2236110021242,-0.4616705440869182,6.73,0.4009382426738739,0.6935,TM,Healthy,Sehat (Hijau),Rutin,AMEIV_C18B,0.948,NW,8.02,Miring Ringan,1.128,9534,Abnormal,Sub-Optimal,Monitor,OK,398,3.0
392,109.2225869970132,-0.4611918212318595,6.72,0.401457667350769,0.6949,TM,Healthy,Sehat (Hijau),Rutin,AMEIV_C18B,0.986,S,8.35,Miring Ringan,1.184,10047,Abnormal,Sub-Optimal,Monitor,OK,398,3.0
385,109.22352992822869,-0.4611591038145009,6.72,0.4953931272029876,0.9451,TM,Healthy,Sehat (Hijau),Rutin,AMEIV_C18B,0.568,SE,4.83,Miring Ringan,1.185,9724,Healthy,Good,None,OK,398,3.0
258,109.22332661789834,-0.4607318961967405,6.71,0.3555838763713836,0.5738,TM,Moderate,Perhatian (Kuning),Monitoring,AMEIV_C18B,1.445,W,12.16,Miring Sedang,1.603,8335,Suspect,Critical,Priority Survey,OK,398,3.0
289,109.22255228360908,-0.4608414108166229,6.68,0.3532113134860992,0.5676,TM,Moderate,Perhatian (Kuning),Monitoring,AMEIV_C18B,1.167,E,9.91,Miring Sedang,1.581,10234,Suspect,Critical,Priority Survey,OK,398,3.0
51,109.22260194920511,-0.4610395671120529,6.67,0.4136229455471039,0.7271,TM,Healthy,Sehat (Hijau),Rutin,AMEIV_C18B,0.022,E,0.19,Tegak,1.016,15910,Abnormal,Sub-Optimal,Monitor,OK,398,3.0
350,109.22370229921292,-0.4610523579781089,6.62,0.417797178030014,0.7382,TM,Healthy,Sehat (Hijau),Rutin,AMEIV_C18B,1.116,N,9.57,Miring Sedang,1.388,9910,Abnormal,Sub-Optimal,Monitor,OK,398,3.0
352,109.22398277274056,-0.4610549313053383,6.62,0.4626982808113098,0.8576,TM,Healthy,Sehat (Hijau),Rutin,AMEIV_C18B,0.508,N,4.39,Miring Ringan,1.069,10803,Healthy,Good,None,OK,398,3.0
271,109.22253117336015,-0.4607667365822568,6.59,0.3546859622001648,0.5715,TM,Moderate,Perhatian (Kuning),Monitoring,AMEIV_C18B,1.275,E,10.95,Miring Sedang,1.625,9721,Suspect,Critical,Priority Survey,OK,398,3.0
563,109.22265935599764,-0.4617624936340138,6.59,0.3672772645950317,0.6046,TM,Moderate,Perhatian (Kuning),Monitoring,AMEIV_C18B,1.193,N,10.26,Miring Sedang,1.45,9567,Suspect,Critical,Priority Survey,OK,398,3.0
455,109.22306586818227,-0.4613834111777883,6.57,0.432204008102417,0.7764,TM,Healthy,Sehat (Hijau),Rutin,AMEIV_C18B,0.572,W,4.98,Miring Ringan,1.23,10880,Normal,Moderate,Routine,OK,398,3.0
69,109.22325400191656,-0.4611969946642322,6.57,0.4779480397701263,0.8984,TM,Healthy,Sehat (Hijau),Rutin,AMEIV_C18B,0.075,E,0.65,Tegak,1.107,11269,Healthy,Good,None,OK,398,3.0
485,109.22301198962543,-0.4614676609110997,6.55,0.4956172406673431,0.9457,TM,Healthy,Sehat (Hijau),Rutin,AMEIV_C18B,1.17,NE,10.13,Miring Sedang,1.61,9152,Healthy,Good,None,OK,398,3.0
20,109.22258135448538,-0.4605565081740381,6.54,0.3553717136383056,0.5733,TM,Moderate,Perhatian (Kuning),Monitoring,AMEIV_C18B,0.095,SE,0.83,Tegak,1.034,15801,Suspect,Critical,Priority Survey,OK,398,3.0
327,109.2230266104217,-0.4609812735513778,6.53,0.4049876630306244,0.7042,TM,Healthy,Sehat (Hijau),Rutin,AMEIV_C18B,0.179,SE,1.57,Tegak,1.145,5924,Abnormal,Sub-Optimal,Monitor,OK,398,3.0
71,109.22367740408149,-0.4612046096926889,6.52,0.4522147476673126,0.8297,TM,Healthy,Sehat (Hijau),Rutin,AMEIV_C18B,0.071,N,0.62,Tegak,1.088,15096,Normal,Moderate,Routine,OK,398,3.0
306,109.22354325354026,-0.4608846256941133,6.52,0.4339136481285095,0.781,TM,Healthy,Sehat (Hijau),Rutin,AMEIV_C18B,0.863,NE,7.54,Miring Ringan,1.274,10363,Normal,Moderate,Routine,OK,398,3.0
341,109.22372426721724,-0.4610093975484803,6.51,0.4530010819435119,0.8318,TM,Healthy,Sehat (Hijau),Rutin,AMEIV_C18B,1.313,W,11.4,Miring Sedang,1.546,8919,Normal,Moderate,Routine,OK,398,3.0
473,109.22280899944914,-0.4614204724701795,6.49,0.46087646484375,0.8528,TM,Healthy,Sehat (Hijau),Rutin,AMEIV_C18B,0.948,N,8.31,Miring Ringan,1.347,10692,Healthy,Good,None,OK,398,3.0
220,109.22253702148706,-0.4605727656909439,6.49,0.3461875915527344,0.5491,TM,Moderate,Perhatian (Kuning),Monitoring,AMEIV_C18B,1.252,E,10.91,Miring Sedang,1.675,9517,Suspect,Critical,Priority Survey,OK,398,3.0
541,109.22399835114206,-0.4617186132202253,6.48,0.4669276773929596,0.8689,TM,Healthy,Sehat (Hijau),Rutin,AMEIV_C18B,1.312,SE,11.45,Miring Sedang,1.465,9027,Healthy,Good,None,OK,398,3.0
358,109.22284429985922,-0.4610746682024068,6.47,0.5283600687980652,1.0,TM,Healthy,Sehat (Hijau),Rutin,AMEIV_C18B,0.695,W,6.13,Miring Ringan,1.171,11290,Healthy,Good,None,OK,398,3.0
573,109.22366483286277,-0.4617790153594467,6.46,0.4126681387424469,0.7246,TM,Healthy,Sehat (Hijau),Rutin,AMEIV_C18B,0.809,N,7.14,Miring Ringan,1.229,11347,Abnormal,Sub-Optimal,Monitor,OK,398,3.0
496,109.22335998057592,-0.461517388699606,6.45,0.3893122673034668,0.6628,TM,Healthy,Sehat (Hijau),Rutin,AMEIV_C18B,1.097,E,9.65,Miring Sedang,1.52,10125,Suspect,Critical,Priority Survey,OK,398,3.0
192,109.2238917850144,-0.4604250192442451,6.45,0.3956490755081177,0.6795,TM,Healthy,Sehat (Hijau),Rutin,AMEIV_C18B,1.324,NE,11.6,Miring Sedang,1.669,9051,Abnormal,Sub-Optimal,Monitor,OK,398,3.0
484,109.22353358150733,-0.4614627863561493,6.45,0.4873008728027344,0.9234,TM,Healthy,Sehat (Hijau),Rutin,AMEIV_C18B,0.742,NW,6.56,Miring Ringan,1.38,11844,Healthy,Good,None,OK,398,3.0
38,109.22355982760747,-0.4608746183745107,6.44,0.4642707109451294,0.8618,TM,Healthy,Sehat (Hijau),Rutin,AMEIV_C18B,0.071,NE,0.63,Tegak,1.02,15064,Healthy,Good,None,OK,398,3.0
36,109.22297651241294,-0.4608561174741962,6.44,0.5604766607284546,1.0,TM,Healthy,Sehat (Hijau),Rutin,AMEIV_C18B,0.129,SW,1.15,Tegak,1.117,11170,Healthy,Good,None,OK,398,3.0
494,109.22361725529414,-0.461514116245283,6.39,0.451252818107605,0.8271,TM,Healthy,Sehat (Hijau),Rutin,AMEIV_C18B,1.351,N,11.94,Miring Sedang,1.748,8582,Normal,Moderate,Routine,OK,398,3.0
503,109.22258318081224,-0.4615447248332471,6.36,0.4518640637397766,0.8288,TM,Healthy,Sehat (Hijau),Rutin,AMEIV_C18B,0.497,SW,4.46,Tegak,1.301,7252,Normal,Moderate,Routine,OK,398,3.0
539,109.22301068637783,-0.4617108560996851,6.36,0.4677098095417022,0.871,TM,Healthy,Sehat (Hijau),Rutin,AMEIV_C18B,0.763,S,6.84,Miring Ringan,1.315,11920,Healthy,Good,None,OK,398,3.0
16,109.2235379844279,-0.4604136675652446,6.36,0.0730711296200752,0.0,TM,Critical,Kritis (Merah),Gali Parit Isolasi,AMEIV_C18B,0.026,SW,0.23,Tegak,1.001,16121,Suspect,Critical,Priority Survey,OK,398,3.0
12,109.22282872651157,-0.460390129461595,6.35,0.1081992462277412,0.0,TM,Critical,Kritis (Merah),Gali Parit Isolasi,AMEIV_C18B,0.1,NE,0.9,Tegak,1.022,15471,Suspect,Critical,Priority Survey,OK,398,3.0
165,109.22396679137805,-0.4603445290385551,6.33,0.5135718584060669,0.9939,TM,Healthy,Sehat (Hijau),Rutin,AMEIV_C18B,0.865,N,7.78,Miring Ringan,1.335,11429,Healthy,Good,None,OK,398,3.0
555,109.2230371901372,-0.4617542458474261,6.31,0.37482550740242,0.6245,TM,Moderate,Perhatian (Kuning),Monitoring,AMEIV_C18B,0.653,N,5.9,Miring Ringan,1.424,10534,Suspect,Critical,Priority Survey,OK,398,3.0
117,109.22412347339665,-0.4616915302536317,6.31,0.3351983428001404,0.5203,TM,Moderate,Perhatian (Kuning),Monitoring,AMEIV_C18B,0.062,SW,0.56,Tegak,1.103,12190,Suspect,Critical,Priority Survey,OK,398,3.0
443,109.2237357868604,-0.461333939355968,6.31,0.3517749011516571,0.5638,TM,Moderate,Perhatian (Kuning),Monitoring,AMEIV_C18B,0.998,NW,8.99,Miring Ringan,1.303,10607,Suspect,Critical,Priority Survey,OK,398,3.0
370,109.22324614965676,-0.4611194037163142,6.31,0.4963727295398712,0.9477,TM,Healthy,Sehat (Hijau),Rutin,AMEIV_C18B,1.207,SE,10.83,Miring Sedang,1.192,8733,Healthy,Good,None,OK,398,3.0
108,109.2233193916822,-0.4614710753910587,6.3,0.4924124479293823,0.9371,TM,Healthy,Sehat (Hijau),Rutin,AMEIV_C18B,0.047,S,0.42,Tegak,1.079,13773,Healthy,Good,None,OK,398,3.0
35,109.223092106328,-0.4608273635085939,6.3,0.4416583180427551,0.8016,TM,Healthy,Sehat (Hijau),Rutin,AMEIV_C18B,0.086,S,0.78,Tegak,1.075,13961,Normal,Moderate,Routine,OK,398,3.0
457,109.22324691138986,-0.4613888795921003,6.29,0.3948383927345276,0.6774,TM,Healthy,Sehat (Hijau),Rutin,AMEIV_C18B,0.609,S,5.53,Miring Ringan,1.173,10423,Abnormal,Sub-Optimal,Monitor,OK,398,3.0
377,109.22313677306737,-0.4611360620262921,6.27,0.4437602162361145,0.8072,TM,Healthy,Sehat (Hijau),Rutin,AMEIV_C18B,0.591,SW,5.39,Miring Ringan,1.084,10135,Normal,Moderate,Routine,OK,398,3.0
92,109.2229598136774,-0.4613687844314015,6.25,0.4416100978851318,0.8014,TM,Healthy,Sehat (Hijau),Rutin,AMEIV_C18B,0.178,NE,1.63,Tegak,1.098,15000,Normal,Moderate,Routine,OK,398,3.0
543,109.2235372461294,-0.4617205829419967,6.24,0.439712256193161,0.7964,TM,Healthy,Sehat (Hijau),Rutin,AMEIV_C18B,1.132,S,10.28,Miring Sedang,1.505,10356,Normal,Moderate,Routine,OK,398,3.0
37,109.22341110217536,-0.4608562266383268,6.22,0.4947009086608886,0.9432,TM,Healthy,Sehat (Hijau),Rutin,AMEIV_C18B,0.064,NE,0.59,Tegak,1.044,15519,Healthy,Good,None,OK,398,3.0
42,109.22282610722326,-0.4609290800500786,6.21,0.4805468022823334,0.9053,TM,Healthy,Sehat (Hijau),Rutin,AMEIV_C18B,0.212,NW,1.96,Tegak,1.116,12525,Healthy,Good,None,OK,398,3.0
482,109.22274146125014,-0.4614567470874782,6.21,0.5564137697219849,1.0,TM,Healthy,Sehat (Hijau),Rutin,AMEIV_C18B,0.466,SE,4.29,Tegak,1.159,12449,Healthy,Good,None,OK,398,3.0
218,109.22328316017,-0.460559604386436,6.18,0.4215590357780456,0.7482,TM,Healthy,Sehat (Hijau),Rutin,AMEIV_C18B,0.974,W,8.95,Miring Ringan,1.239,10217,Abnormal,Sub-Optimal,Monitor,OK,398,3.0
460,109.22411153288438,-0.4613936855644868,6.17,0.4180313348770141,0.7388,TM,Healthy,Sehat (Hijau),Rutin,AMEIV_C18B,0.528,SW,4.89,Miring Ringan,1.128,6716,Abnormal,Sub-Optimal,Monitor,OK,398,3.0
130,109.22324308803486,-0.4617705663248538,6.16,0.4470514953136444,0.8159,TM,Healthy,Sehat (Hijau),Rutin,AMEIV_C18B,0.026,SW,0.24,Tegak,1.209,13136,Normal,Moderate,Routine,OK,398,3.0
229,109.2225394988506,-0.4606065550469013,6.15,0.277610570192337,0.3698,TM,Moderate,Perhatian (Kuning),Monitoring,AMEIV_C18B,1.289,NE,11.84,Miring Sedang,1.474,8851,Suspect,Critical,Priority Survey,OK,398,3.0
553,109.22387696029853,-0.4617344342002017,6.14,0.3975952267646789,0.6847,TM,Healthy,Sehat (Hijau),Rutin,AMEIV_C18B,0.722,E,6.71,Miring Ringan,1.129,11650,Abnormal,Sub-Optimal,Monitor,OK,398,3.0
52,109.2239848465673,-0.4610453374868684,6.14,0.5030805468559265,0.9657,TM,Healthy,Sehat (Hijau),Rutin,AMEIV_C18B,0.067,N,0.63,Tegak,1.129,13092,Healthy,Good,None,OK,398,3.0
276,109.22292929871088,-0.4607943681603788,6.14,0.4456092119216919,0.8121,TM,Healthy,Sehat (Hijau),Rutin,AMEIV_C18B,0.934,NW,8.65,Miring Ringan,1.226,10733,Normal,Moderate,Routine,OK,398,3.0
298,109.22378478762856,-0.4608717548529921,6.14,0.4353648126125335,0.7848,TM,Healthy,Sehat (Hijau),Rutin,AMEIV_C18B,0.949,S,8.79,Miring Ringan,1.473,11045,Normal,Moderate,Routine,OK,398,3.0
101,109.2237448809532,-0.4614157020884845,6.14,0.4939897954463959,0.9413,TM,Healthy,Sehat (Hijau),Rutin,AMEIV_C18B,0.107,NE,1.0,Tegak,1.308,11378,Healthy,Good,None,OK,398,3.0
8,109.22397176574508,-0.4603328502208637,6.12,0.4641478955745697,0.8615,TM,Healthy,Sehat (Hijau),Rutin,AMEIV_C18B,0.087,NE,0.81,Tegak,1.064,15311,Healthy,Good,None,OK,398,3.0
228,109.22268657573196,-0.4605899061872338,6.12,0.1229204982519149,0.0,TM,Critical,Kritis (Merah),Gali Parit Isolasi,AMEIV_C18B,0.439,N,4.11,Tegak,1.342,12022,Suspect,Critical,Priority Survey,OK,398,3.0
57,109.22296278211002,-0.4610930523609642,6.12,0.4199557900428772,0.7439,TM,Healthy,Sehat (Hijau),Rutin,AMEIV_C18B,0.089,SE,0.83,Tegak,1.046,14748,Abnormal,Sub-Optimal,Monitor,OK,398,3.0
347,109.22323912638686,-0.461040144397272,6.11,0.4853945672512054,0.9183,TM,Healthy,Sehat (Hijau),Rutin,AMEIV_C18B,0.179,NE,1.68,Tegak,1.766,4430,Healthy,Good,None,OK,398,3.0
114,109.22353727564152,-0.4616016965994008,6.1,0.4664194881916046,0.8676,TM,Healthy,Sehat (Hijau),Rutin,AMEIV_C18B,0.231,W,2.17,Tegak,1.017,12965,Healthy,Good,None,OK,398,3.0
290,109.22359463589834,-0.4608425069435969,6.04,0.3895080387592315,0.6633,TM,Healthy,Sehat (Hijau),Rutin,AMEIV_C18B,0.693,SW,6.55,Miring Ringan,1.154,11559,Suspect,Critical,Priority Survey,OK,398,3.0
172,109.22307026410208,-0.460362658511272,6.04,0.3421680629253387,0.5386,TM,Moderate,Perhatian (Kuning),Monitoring,AMEIV_C18B,0.254,E,2.4,Tegak,1.249,9413,Suspect,Critical,Priority Survey,OK,398,3.0
420,109.22379421650656,-0.4612743022873847,6.04,0.4132195115089416,0.726,TM,Healthy,Sehat (Hijau),Rutin,AMEIV_C18B,0.951,E,8.95,Miring Ringan,1.231,10921,Abnormal,Sub-Optimal,Monitor,OK,398,3.0
424,109.2233281389604,-0.4612808594525603,6.01,0.4187460839748382,0.7407,TM,Healthy,Sehat (Hijau),Rutin,AMEIV_C18B,0.793,SE,7.52,Miring Ringan,1.276,9870,Abnormal,Sub-Optimal,Monitor,OK,398,3.0
545,109.22271405236764,-0.4617216272038301,6.0,0.4436886310577392,0.807,TM,Healthy,Sehat (Hijau),Rutin,AMEIV_C18B,0.278,NW,2.65,Tegak,1.143,14127,Normal,Moderate,Routine,OK,398,3.0
136,109.22318090377811,-0.4602642400521027,6.0,0.4378166198730469,0.7914,TM,Healthy,Sehat (Hijau),Rutin,AMEIV_C18B,0.865,S,8.2,Miring Ringan,1.349,11600,Normal,Moderate,Routine,OK,398,3.0
371,109.22258162884422,-0.4611209052539154,5.99,0.4427639245986938,0.8045,TM,Healthy,Sehat (Hijau),Rutin,AMEIV_C18B,0.438,E,4.18,Tegak,1.232,12783,Normal,Moderate,Routine,OK,398,3.0
195,109.2235263791547,-0.4604345219078126,5.99,0.061074960976839,0.0,TM,Critical,Kritis (Merah),Gali Parit Isolasi,AMEIV_C18B,0.979,N,9.28,Miring Ringan,1.496,10537,Suspect,Critical,Priority Survey,OK,398,3.0
292,109.22344590467486,-0.460847475332751,5.99,0.5457102060317993,1.0,TM,Healthy,Sehat (Hijau),Rutin,AMEIV_C18B,0.894,W,8.49,Miring Ringan,1.339,11061,Healthy,Good,None,OK,398,3.0
242,109.22306563521336,-0.4606521559670702,5.98,0.1142013147473335,0.0,TM,Critical,Kritis (Merah),Gali Parit Isolasi,AMEIV_C18B,0.353,W,3.38,Tegak,1.171,13203,Suspect,Critical,Priority Survey,OK,398,3.0
118,109.22346888615506,-0.4617293257880345,5.97,0.4208066165447235,0.7462,TM,Healthy,Sehat (Hijau),Rutin,AMEIV_C18B,0.113,W,1.08,Tegak,1.242,11881,Abnormal,Sub-Optimal,Monitor,OK,398,3.0
379,109.22358876253396,-0.4611382613446947,5.97,0.4306600391864776,0.7723,TM,Healthy,Sehat (Hijau),Rutin,AMEIV_C18B,0.311,SW,2.98,Tegak,1.119,13180,Normal,Moderate,Routine,OK,398,3.0
129,109.22366110829437,-0.4617627457627332,5.96,0.4641715586185455,0.8616,TM,Healthy,Sehat (Hijau),Rutin,AMEIV_C18B,0.158,SE,1.52,Tegak,1.033,15060,Healthy,Good,None,OK,398,3.0
335,109.22388460054376,-0.4609965063217665,5.96,0.4158701002597809,0.7331,TM,Healthy,Sehat (Hijau),Rutin,AMEIV_C18B,0.689,NE,6.6,Miring Ringan,1.31,12474,Abnormal,Sub-Optimal,Monitor,OK,398,3.0
409,109.22386755675544,-0.461230103332427,5.96,0.4905790984630584,0.9322,TM,Healthy,Sehat (Hijau),Rutin,AMEIV_C18B,0.714,S,6.83,Miring Ringan,1.098,11842,Healthy,Good,None,OK,398,3.0
524,109.22258191484296,-0.4616377478208266,5.95,0.418187528848648,0.7392,TM,Healthy,Sehat (Hijau),Rutin,AMEIV_C18B,0.37,W,3.56,Tegak,1.382,9153,Abnormal,Sub-Optimal,Monitor,OK,398,3.0
361,109.2226756796918,-0.4610921459019576,5.95,0.3760106265544891,0.6277,TM,Moderate,Perhatian (Kuning),Monitoring,AMEIV_C18B,0.139,SW,1.34,Tegak,1.323,11461,Suspect,Critical,Priority Survey,OK,398,3.0
556,109.22351279433732,-0.4617556169764976,5.95,0.4665915966033935,0.868,TM,Healthy,Sehat (Hijau),Rutin,AMEIV_C18B,0.816,E,7.81,Miring Ringan,1.253,11730,Healthy,Good,None,OK,398,3.0
194,109.22268164301236,-0.4604334756131206,5.94,0.2839695811271667,0.3863,TM,Moderate,Perhatian (Kuning),Monitoring,AMEIV_C18B,1.177,N,11.21,Miring Sedang,1.636,9755,Suspect,Critical,Priority Survey,OK,398,3.0
303,109.22392605794384,-0.4608818018107649,5.92,0.4539170265197754,0.8342,TM,Healthy,Sehat (Hijau),Rutin,AMEIV_C18B,1.068,S,10.22,Miring Sedang,1.397,10663,Normal,Moderate,Routine,OK,398,3.0
397,109.22361650577194,-0.4611954171957166,5.92,0.4866217672824859,0.9216,TM,Healthy,Sehat (Hijau),Rutin,AMEIV_C18B,0.696,S,6.71,Miring Ringan,1.345,11415,Healthy,Good,None,OK,398,3.0
491,109.22348924412697,-0.4614965639576829,5.92,0.5181403160095215,1.0,TM,Healthy,Sehat (Hijau),Rutin,AMEIV_C18B,0.904,N,8.69,Miring Ringan,1.433,11429,Healthy,Good,None,OK,398,3.0
414,109.22372296477744,-0.4612496728165066,5.91,0.4333805739879608,0.7796,TM,Healthy,Sehat (Hijau),Rutin,AMEIV_C18B,0.986,SW,9.47,Miring Ringan,1.441,11239,Normal,Moderate,Routine,OK,398,3.0
134,109.2228776465478,-0.4602533181996255,5.89,0.3916440308094024,0.6689,TM,Healthy,Sehat (Hijau),Rutin,AMEIV_C18B,1.162,SE,11.16,Miring Sedang,1.186,9619,Abnormal,Sub-Optimal,Monitor,OK,398,3.0
275,109.22253613842166,-0.4607926008110303,5.89,0.323465347290039,0.4895,TM,Moderate,Perhatian (Kuning),Monitoring,AMEIV_C18B,1.279,E,12.25,Miring Sedang,1.625,9354,Suspect,Critical,Priority Survey,OK,398,3.0
567,109.22324930248304,-0.4617701507438844,5.89,0.4234978556632995,0.7533,TM,Healthy,Sehat (Hijau),Rutin,AMEIV_C18B,0.389,W,3.77,Tegak,1.066,12516,Abnormal,Sub-Optimal,Monitor,OK,398,3.0
364,109.2230162245297,-0.4610968200982834,5.89,0.3596326410770416,0.5845,TM,Moderate,Perhatian (Kuning),Monitoring,AMEIV_C18B,0.672,S,6.51,Miring Ringan,1.151,11898,Suspect,Critical,Priority Survey,OK,398,3.0
549,109.2234688866729,-0.4617272400627956,5.88,0.4154040515422821,0.7318,TM,Healthy,Sehat (Hijau),Rutin,AMEIV_C18B,0.23,SW,2.24,Tegak,1.263,11888,Abnormal,Sub-Optimal,Monitor,OK,398,3.0
273,109.2228534893154,-0.460771823290805,5.88,0.4511505663394928,0.8268,TM,Healthy,Sehat (Hijau),Rutin,AMEIV_C18B,1.117,NE,10.76,Miring Sedang,1.281,10005,Normal,Moderate,Routine,OK,398,3.0
544,109.2226108943849,-0.4617211840903885,5.88,0.3755666315555572,0.6265,TM,Moderate,Perhatian (Kuning),Monitoring,AMEIV_C18B,0.391,SE,3.81,Tegak,1.165,13225,Suspect,Critical,Priority Survey,OK,398,3.0
201,109.22396262184408,-0.4604521514507655,5.87,0.4396246671676636,0.7962,TM,Healthy,Sehat (Hijau),Rutin,AMEIV_C18B,0.097,NW,0.95,Tegak,1.455,13188,Normal,Moderate,Routine,OK,398,3.0
99,109.22281024728753,-0.461400449827779,5.87,0.5498611330986023,1.0,TM,Healthy,Sehat (Hijau),Rutin,AMEIV_C18B,0.007,E,0.07,Tegak,1.041,15665,Healthy,Good,None,OK,398,3.0
550,109.22375391748112,-0.4617293975035171,5.86,0.4935515820980072,0.9401,TM,Healthy,Sehat (Hijau),Rutin,AMEIV_C18B,0.47,W,4.58,Tegak,1.321,11109,Healthy,Good,None,OK,398,3.0
314,109.22334604495518,-0.4609116905893863,5.85,0.4738572835922241,0.8874,TM,Healthy,Sehat (Hijau),Rutin,AMEIV_C18B,0.79,E,7.69,Miring Ringan,1.24,11481,Healthy,Good,None,OK,398,3.0
442,109.22350088584406,-0.4613288745634431,5.84,0.407392144203186,0.7106,TM,Healthy,Sehat (Hijau),Rutin,AMEIV_C18B,1.064,NW,10.33,Miring Sedang,1.374,10501,Abnormal,Sub-Optimal,Monitor,OK,398,3.0
445,109.22281896103316,-0.4613453888895624,5.84,0.4417051076889038,0.8017,TM,Healthy,Sehat (Hijau),Rutin,AMEIV_C18B,0.664,NW,6.49,Miring Ringan,1.237,12010,Normal,Moderate,Routine,OK,398,3.0
184,109.22285358129687,-0.4604005643231007,5.83,0.0743026286363601,0.0,TM,Critical,Kritis (Merah),Gali Parit Isolasi,AMEIV_C18B,0.345,W,3.39,Tegak,1.129,14688,Suspect,Critical,Priority Survey,OK,398,3.0
436,109.2236280779506,-0.461308049283344,5.83,0.3632290661334991,0.594,TM,Moderate,Perhatian (Kuning),Monitoring,AMEIV_C18B,0.167,E,1.64,Tegak,1.072,9883,Suspect,Critical,Priority Survey,OK,398,3.0
170,109.2237227706203,-0.4603611536389935,5.83,0.0379653051495552,0.0,TM,Critical,Kritis (Merah),Gali Parit Isolasi,AMEIV_C18B,0.589,SW,5.77,Miring Ringan,1.071,11817,Suspect,Critical,Priority Survey,OK,398,3.0
418,109.22295901097525,-0.4612644979903361,5.82,0.4155912697315216,0.7323,TM,Healthy,Sehat (Hijau),Rutin,AMEIV_C18B,0.565,NE,5.55,Miring Ringan,1.077,12999,Abnormal,Sub-Optimal,Monitor,OK,398,3.0
388,109.22315499146276,-0.4611777811055938,5.8,0.4177641272544861,0.7381,TM,Healthy,Sehat (Hijau),Rutin,AMEIV_C18B,0.618,SW,6.09,Miring Ringan,1.1,11367,Abnormal,Sub-Optimal,Monitor,OK,398,3.0
104,109.22288646258292,-0.4614567835654697,5.8,0.4595623314380646,0.8493,TM,Healthy,Sehat (Hijau),Rutin,AMEIV_C18B,0.138,W,1.36,Tegak,1.069,14649,Normal,Moderate,Routine,OK,398,3.0
404,109.2234814427866,-0.4612137376345306,5.8,0.4755856394767761,0.8921,TM,Healthy,Sehat (Hijau),Rutin,AMEIV_C18B,0.64,SW,6.29,Miring Ringan,1.143,12274,Healthy,Good,None,OK,398,3.0
467,109.2237428110568,-0.4614094443910498,5.79,0.5023573040962219,0.9637,TM,Healthy,Sehat (Hijau),Rutin,AMEIV_C18B,0.318,SE,3.14,Tegak,1.235,11750,Healthy,Good,None,OK,398,3.0
301,109.22341896830244,-0.4608779201571876,5.78,0.4409469366073608,0.7997,TM,Healthy,Sehat (Hijau),Rutin,AMEIV_C18B,0.822,NW,8.09,Miring Ringan,1.337,12004,Normal,Moderate,Routine,OK,398,3.0
506,109.223033926574,-0.4615498439890275,5.78,0.4580729305744171,0.8453,TM,Healthy,Sehat (Hijau),Rutin,AMEIV_C18B,0.412,NW,4.08,Tegak,1.123,13292,Normal,Moderate,Routine,OK,398,3.0
47,109.22347114129371,-0.4609888938507883,5.77,0.4385072886943817,0.7932,TM,Healthy,Sehat (Hijau),Rutin,AMEIV_C18B,0.149,N,1.48,Tegak,1.157,13192,Normal,Moderate,Routine,OK,398,3.0
309,109.22261980006556,-0.4608927366015069,5.75,0.3214642703533172,0.4843,TM,Moderate,Perhatian (Kuning),Monitoring,AMEIV_C18B,0.964,W,9.52,Miring Ringan,1.423,11320,Suspect,Critical,Priority Survey,OK,398,3.0
520,109.22410691815924,-0.4616256171454388,5.74,0.5071730613708496,0.9767,TM,Healthy,Sehat (Hijau),Rutin,AMEIV_C18B,0.264,NE,2.64,Tegak,1.141,11966,Healthy,Good,None,OK,398,3.0
396,109.22341930420124,-0.4611941161982623,5.73,0.4691488742828369,0.8749,TM,Healthy,Sehat (Hijau),Rutin,AMEIV_C18B,0.56,SW,5.58,Miring Ringan,1.191,12764,Healthy,Good,None,OK,398,3.0
354,109.2233302645148,-0.4610626931303521,5.72,0.4352608025074005,0.7846,TM,Healthy,Sehat (Hijau),Rutin,AMEIV_C18B,0.253,N,2.53,Tegak,1.232,9398,Normal,Moderate,Routine,OK,398,3.0
547,109.22391300568404,-0.4617256832194409,5.71,0.420534074306488,0.7454,TM,Healthy,Sehat (Hijau),Rutin,AMEIV_C18B,0.801,S,7.99,Miring Ringan,1.392,12513,Abnormal,Sub-Optimal,Monitor,OK,398,3.0
198,109.22365687780918,-0.4604449832782177,5.71,0.2851848602294922,0.3895,TM,Moderate,Perhatian (Kuning),Monitoring,AMEIV_C18B,1.059,N,10.51,Miring Sedang,1.489,10806,Suspect,Critical,Priority Survey,OK,398,3.0
311,109.22388131144837,-0.4608947220749786,5.71,0.4770258069038391,0.8959,TM,Healthy,Sehat (Hijau),Rutin,AMEIV_C18B,1.097,SE,10.87,Miring Sedang,1.238,9965,Healthy,Good,None,OK,398,3.0
348,109.22276642108967,-0.4610437799030016,5.71,0.4741342663764953,0.8882,TM,Healthy,Sehat (Hijau),Rutin,AMEIV_C18B,0.101,SE,1.01,Tegak,1.033,14907,Healthy,Good,None,OK,398,3.0
329,109.22320392573408,-0.4609838209751469,5.7,0.5157396793365479,0.9997,TM,Healthy,Sehat (Hijau),Rutin,AMEIV_C18B,0.986,W,9.81,Miring Ringan,1.251,10764,Healthy,Good,None,OK,398,3.0
380,109.22333480287496,-0.4611386146684786,5.7,0.4481786787509918,0.8189,TM,Healthy,Sehat (Hijau),Rutin,AMEIV_C18B,0.593,NW,5.94,Miring Ringan,1.369,11395,Normal,Moderate,Routine,OK,398,3.0
89,109.2228094351694,-0.4613341235808029,5.69,0.433402806520462,0.7796,TM,Healthy,Sehat (Hijau),Rutin,AMEIV_C18B,0.124,N,1.25,Tegak,1.118,14645,Normal,Moderate,Routine,OK,398,3.0
223,109.22405373470954,-0.4605769007234611,5.69,0.4395261108875274,0.7959,TM,Healthy,Sehat (Hijau),Rutin,AMEIV_C18B,0.083,N,0.83,Tegak,1.145,14104,Normal,Moderate,Routine,OK,398,3.0
54,109.22360535470192,-0.4610552536384014,5.66,0.4652806222438812,0.8645,TM,Healthy,Sehat (Hijau),Rutin,AMEIV_C18B,0.219,SE,2.22,Tegak,1.011,14100,Healthy,Good,None,OK,398,3.0
332,109.2234736272384,-0.4609880601851505,5.66,0.4802026450634002,0.9044,TM,Healthy,Sehat (Hijau),Rutin,AMEIV_C18B,0.065,NW,0.66,Tegak,1.123,13598,Healthy,Good,None,OK,398,3.0
554,109.22382309776113,-0.461754026471937,5.65,0.4908314347267151,0.9329,TM,Healthy,Sehat (Hijau),Rutin,AMEIV_C18B,0.129,S,1.31,Tegak,1.213,9327,Healthy,Good,None,OK,398,3.0
249,109.22332290293409,-0.4606768321186195,5.65,0.4424939751625061,0.8038,TM,Healthy,Sehat (Hijau),Rutin,AMEIV_C18B,1.623,W,16.03,Miring Berat,1.941,7758,Normal,Moderate,Routine,OK,398,3.0
474,109.2229896288601,-0.4614238550650845,5.65,0.3909808993339538,0.6672,TM,Healthy,Sehat (Hijau),Rutin,AMEIV_C18B,0.877,SE,8.83,Miring Ringan,1.493,11601,Abnormal,Sub-Optimal,Monitor,OK,398,3.0
398,109.22261185334573,-0.4611959989309118,5.64,0.4589994251728058,0.8478,TM,Healthy,Sehat (Hijau),Rutin,AMEIV_C18B,0.792,SW,7.99,Miring Ringan,1.268,12445,Normal,Moderate,Routine,OK,398,3.0
367,109.22308582124371,-0.4611126891002023,5.63,0.4721576273441314,0.8829,TM,Healthy,Sehat (Hijau),Rutin,AMEIV_C18B,0.401,E,4.08,Tegak,1.177,12653,Healthy,Good,None,OK,398,3.0
458,109.22262754789708,-0.4613912266818533,5.6,0.4641138315200805,0.8614,TM,Healthy,Sehat (Hijau),Rutin,AMEIV_C18B,0.935,NW,9.48,Miring Ringan,1.162,10231,Healthy,Good,None,OK,398,3.0
464,109.22285581851386,-0.4614029641602181,5.6,0.4442807137966156,0.8086,TM,Healthy,Sehat (Hijau),Rutin,AMEIV_C18B,0.235,E,2.4,Tegak,1.111,14310,Normal,Moderate,Routine,OK,398,3.0
323,109.2231040881526,-0.4609587671901447,5.58,0.4775782525539398,0.8974,TM,Healthy,Sehat (Hijau),Rutin,AMEIV_C18B,0.067,S,0.68,Tegak,1.177,7591,Healthy,Good,None,OK,398,3.0
509,109.22360605580738,-0.461569176582405,5.57,0.4210829436779022,0.7469,TM,Healthy,Sehat (Hijau),Rutin,AMEIV_C18B,0.104,NE,1.07,Tegak,1.295,13480,Abnormal,Sub-Optimal,Monitor,OK,398,3.0
261,109.224061566446,-0.4607375035936417,5.57,0.4494212865829468,0.8222,TM,Healthy,Sehat (Hijau),Rutin,AMEIV_C18B,0.292,N,3.0,Tegak,1.412,10232,Normal,Moderate,Routine,OK,398,3.0
326,109.22332365687524,-0.4609780110268747,5.57,0.44639453291893,0.8142,TM,Healthy,Sehat (Hijau),Rutin,AMEIV_C18B,0.019,N,0.19,Tegak,1.236,12153,Normal,Moderate,Routine,OK,398,3.0
291,109.2230738737624,-0.4608427932931462,5.56,0.4443026483058929,0.8086,TM,Healthy,Sehat (Hijau),Rutin,AMEIV_C18B,0.764,E,7.83,Miring Ringan,1.325,11422,Normal,Moderate,Routine,OK,398,3.0
196,109.22255859771148,-0.4604388676071355,5.55,0.2685194909572601,0.3461,TM,Sub-Optimal,Sub-Optimal (Oranye),Inspeksi Lanjut,AMEIV_C18B,1.411,N,14.26,Miring Sedang,1.807,8852,Suspect,Critical,Priority Survey,OK,398,3.0
181,109.22395725146174,-0.4603899954710516,5.55,0.3599618077278137,0.5854,TM,Moderate,Perhatian (Kuning),Monitoring,AMEIV_C18B,1.138,SW,11.59,Miring Sedang,1.124,10738,Suspect,Critical,Priority Survey,OK,398,3.0
157,109.22379776531032,-0.4603278008387065,5.55,0.4114070832729339,0.7212,TM,Healthy,Sehat (Hijau),Rutin,AMEIV_C18B,0.488,SE,5.02,Tegak,1.28,13951,Abnormal,Sub-Optimal,Monitor,OK,398,3.0
296,109.22297071049832,-0.460863624625919,5.55,0.4579569101333618,0.845,TM,Healthy,Sehat (Hijau),Rutin,AMEIV_C18B,0.482,NE,4.97,Tegak,1.239,12117,Normal,Moderate,Routine,OK,398,3.0
355,109.2226094003106,-0.4610641805328243,5.55,0.4542530477046966,0.8351,TM,Healthy,Sehat (Hijau),Rutin,AMEIV_C18B,0.866,NW,8.87,Miring Ringan,1.23,11499,Normal,Moderate,Routine,OK,398,3.0
56,109.2228335279182,-0.4610763340745144,5.54,0.5572658777236938,1.0,TM,Healthy,Sehat (Hijau),Rutin,AMEIV_C18B,0.115,S,1.19,Tegak,1.09,14266,Healthy,Good,None,OK,398,3.0
22,109.2229881839486,-0.4605678732362196,5.54,0.3139748275279999,0.4647,TM,Moderate,Perhatian (Kuning),Monitoring,AMEIV_C18B,0.072,SE,0.74,Tegak,1.005,15935,Suspect,Critical,Priority Survey,OK,398,3.0
305,109.22410461662383,-0.4608826809349013,5.54,0.5230334401130676,1.0,TM,Healthy,Sehat (Hijau),Rutin,AMEIV_C18B,0.202,S,2.09,Tegak,1.182,12841,Healthy,Good,None,OK,398,3.0
116,109.22360437659522,-0.4616580280670163,5.54,0.4085501134395599,0.7137,TM,Healthy,Sehat (Hijau),Rutin,AMEIV_C18B,0.083,N,0.86,Tegak,1.02,15299,Abnormal,Sub-Optimal,Monitor,OK,398,3.0
119,109.22374231705749,-0.4617306460204078,5.54,0.4538591504096985,0.8341,TM,Healthy,Sehat (Hijau),Rutin,AMEIV_C18B,0.251,NE,2.59,Tegak,1.311,11932,Normal,Moderate,Routine,OK,398,3.0
372,109.22403951306876,-0.4611250259514892,5.53,0.4605993628501892,0.852,TM,Healthy,Sehat (Hijau),Rutin,AMEIV_C18B,0.726,SE,7.48,Miring Ringan,1.136,12139,Healthy,Good,None,OK,398,3.0
236,109.22283446487305,-0.4606391664245834,5.53,0.1122098565101623,0.0,TM,Critical,Kritis (Merah),Gali Parit Isolasi,AMEIV_C18B,0.709,SE,7.3,Miring Ringan,1.356,12610,Suspect,Critical,Priority Survey,OK,398,3.0
308,109.22256179985438,-0.4608914705917978,5.52,0.4480157792568207,0.8185,TM,Healthy,Sehat (Hijau),Rutin,AMEIV_C18B,0.924,E,9.5,Miring Ringan,1.414,11601,Normal,Moderate,Routine,OK,398,3.0
538,109.223134144988,-0.4617096357357688,5.52,0.5188201069831848,1.0,TM,Healthy,Sehat (Hijau),Rutin,AMEIV_C18B,0.802,S,8.27,Miring Ringan,1.337,12157,Healthy,Good,None,OK,398,3.0
325,109.2229052260721,-0.4609712315701001,5.51,0.3855265974998474,0.6528,TM,Healthy,Sehat (Hijau),Rutin,AMEIV_C18B,0.555,S,5.75,Miring Ringan,1.021,12687,Suspect,Critical,Priority Survey,OK,398,3.0
149,109.22278731605655,-0.4603154501275673,5.5,0.4984610974788666,0.9533,TM,Healthy,Sehat (Hijau),Rutin,AMEIV_C18B,0.438,N,4.56,Tegak,1.113,13018,Healthy,Good,None,OK,398,3.0
193,109.22358645177084,-0.4604320341099135,5.49,0.0640031844377517,0.0,TM,Critical,Kritis (Merah),Gali Parit Isolasi,AMEIV_C18B,0.6,N,6.24,Miring Ringan,1.215,13299,Suspect,Critical,Priority Survey,OK,398,3.0
295,109.22284269710832,-0.460855249566042,5.49,0.5058524012565613,0.9731,TM,Healthy,Sehat (Hijau),Rutin,AMEIV_C18B,0.074,N,0.78,Tegak,1.258,11124,Healthy,Good,None,OK,398,3.0
163,109.2226302936468,-0.460342525138178,5.49,0.301876962184906,0.4331,TM,Moderate,Perhatian (Kuning),Monitoring,AMEIV_C18B,0.351,E,3.66,Tegak,1.142,14836,Suspect,Critical,Priority Survey,OK,398,3.0
265,109.22309751194128,-0.4607472730285662,5.48,0.4195820093154907,0.7429,TM,Healthy,Sehat (Hijau),Rutin,AMEIV_C18B,1.376,N,14.1,Miring Sedang,1.715,8722,Abnormal,Sub-Optimal,Monitor,OK,398,3.0
453,109.22361231776524,-0.461377291409094,5.47,0.4448705911636352,0.8101,TM,Healthy,Sehat (Hijau),Rutin,AMEIV_C18B,0.67,S,6.98,Miring Ringan,1.113,12407,Normal,Moderate,Routine,OK,398,3.0
205,109.22382216957833,-0.4604846535374908,5.47,0.3252754807472229,0.4943,TM,Moderate,Perhatian (Kuning),Monitoring,AMEIV_C18B,0.102,NW,1.07,Tegak,1.551,7654,Suspect,Critical,Priority Survey,OK,398,3.0
521,109.22403814532515,-0.4616285198665887,5.47,0.4236274063587188,0.7537,TM,Healthy,Sehat (Hijau),Rutin,AMEIV_C18B,0.13,SE,1.36,Tegak,1.367,8932,Abnormal,Sub-Optimal,Monitor,OK,398,3.0
489,109.22406137981244,-0.4614904506462859,5.46,0.5011686086654663,0.9606,TM,Healthy,Sehat (Hijau),Rutin,AMEIV_C18B,0.12,SE,1.26,Tegak,1.405,11263,Healthy,Good,None,OK,398,3.0
304,109.22313435021444,-0.4608824372592123,5.46,0.4669275879859924,0.8689,TM,Healthy,Sehat (Hijau),Rutin,AMEIV_C18B,0.299,NW,3.13,Tegak,1.084,15412,Healthy,Good,None,OK,398,3.0
162,109.22362956009458,-0.4603423587270792,5.45,0.3912423551082611,0.6679,TM,Healthy,Sehat (Hijau),Rutin,AMEIV_C18B,0.692,SW,7.23,Miring Ringan,1.416,12721,Abnormal,Sub-Optimal,Monitor,OK,398,3.0
493,109.22320048051748,-0.461511508549267,5.44,0.4421699941158294,0.8029,TM,Healthy,Sehat (Hijau),Rutin,AMEIV_C18B,0.74,NE,7.74,Miring Ringan,1.272,12041,Normal,Moderate,Routine,OK,398,3.0
423,109.22322249541872,-0.4612795814577972,5.44,0.4399794042110443,0.7971,TM,Healthy,Sehat (Hijau),Rutin,AMEIV_C18B,0.344,NE,3.62,Tegak,1.089,12125,Normal,Moderate,Routine,OK,398,3.0
516,109.22352484632952,-0.4616041963433558,5.43,0.5211871862411499,1.0,TM,Healthy,Sehat (Hijau),Rutin,AMEIV_C18B,0.433,NE,4.56,Tegak,1.027,13609,Healthy,Good,None,OK,398,3.0
353,109.22359789593656,-0.4610615089409878,5.43,0.5095980763435364,0.9832,TM,Healthy,Sehat (Hijau),Rutin,AMEIV_C18B,0.383,NE,4.03,Tegak,1.079,13666,Healthy,Good,None,OK,398,3.0
312,109.2240615274901,-0.4608947673272128,5.42,0.3665892481803894,0.6028,TM,Moderate,Perhatian (Kuning),Monitoring,AMEIV_C18B,0.099,S,1.05,Tegak,1.274,13919,Suspect,Critical,Priority Survey,OK,398,3.0
416,109.22266238206656,-0.4612548290658985,5.42,0.4084607064723968,0.7134,TM,Healthy,Sehat (Hijau),Rutin,AMEIV_C18B,0.112,E,1.19,Tegak,1.007,11997,Abnormal,Sub-Optimal,Monitor,OK,398,3.0
176,109.22377372587502,-0.4603707607589308,5.39,0.0543489903211593,0.0,TM,Critical,Kritis (Merah),Gali Parit Isolasi,AMEIV_C18B,0.179,S,1.9,Tegak,1.011,16001,Suspect,Critical,Priority Survey,OK,398,3.0
154,109.22342904908176,-0.460321451173364,5.39,0.3950100839138031,0.6778,TM,Healthy,Sehat (Hijau),Rutin,AMEIV_C18B,0.701,W,7.41,Miring Ringan,1.259,13221,Abnormal,Sub-Optimal,Monitor,OK,398,3.0
266,109.22277312294582,-0.4607484429877872,5.38,0.4380162060260772,0.7919,TM,Healthy,Sehat (Hijau),Rutin,AMEIV_C18B,1.342,N,14.0,Miring Sedang,1.638,8239,Normal,Moderate,Routine,OK,398,3.0
115,109.22410940400172,-0.4616252006253592,5.37,0.4586122930049896,0.8467,TM,Healthy,Sehat (Hijau),Rutin,AMEIV_C18B,0.183,NE,1.95,Tegak,1.113,12580,Normal,Moderate,Routine,OK,398,3.0
534,109.22415081662926,-0.4616911199855162,5.36,0.4232971370220184,0.7528,TM,Healthy,Sehat (Hijau),Rutin,AMEIV_C18B,1.282,W,13.45,Miring Sedang,1.628,7912,Abnormal,Sub-Optimal,Monitor,OK,398,3.0
294,109.22329883041482,-0.4608532784242331,5.36,0.49326092004776,0.9394,TM,Healthy,Sehat (Hijau),Rutin,AMEIV_C18B,0.152,SE,1.63,Tegak,1.113,12376,Healthy,Good,None,OK,398,3.0
59,109.22258867186838,-0.461120489879797,5.35,0.4072399139404297,0.7102,TM,Healthy,Sehat (Hijau),Rutin,AMEIV_C18B,0.013,SW,0.14,Tegak,1.077,15021,Abnormal,Sub-Optimal,Monitor,OK,398,3.0
171,109.22338180994856,-0.4603623195378755,5.34,0.4011432528495788,0.6941,TM,Healthy,Sehat (Hijau),Rutin,AMEIV_C18B,0.683,NE,7.29,Miring Ringan,1.287,13482,Abnormal,Sub-Optimal,Monitor,OK,398,3.0
334,109.22294789261754,-0.4609925166844471,5.33,0.4242434203624725,0.7553,TM,Healthy,Sehat (Hijau),Rutin,AMEIV_C18B,0.424,S,4.55,Tegak,1.118,13988,Abnormal,Sub-Optimal,Monitor,OK,398,3.0
505,109.22274558105086,-0.4615497714384036,5.31,0.4751003682613373,0.8908,TM,Healthy,Sehat (Hijau),Rutin,AMEIV_C18B,0.061,W,0.66,Tegak,1.239,12446,Healthy,Good,None,OK,398,3.0
315,109.2238079776194,-0.4609130580461434,5.3,0.3697066307067871,0.611,TM,Moderate,Perhatian (Kuning),Monitoring,AMEIV_C18B,1.175,W,12.5,Miring Sedang,1.455,10588,Suspect,Critical,Priority Survey,OK,398,3.0
331,109.22316539607932,-0.4609867313092273,5.29,0.3855348229408264,0.6528,TM,Healthy,Sehat (Hijau),Rutin,AMEIV_C18B,0.586,NE,6.32,Miring Ringan,1.202,12800,Suspect,Critical,Priority Survey,OK,398,3.0
300,109.22308670846655,-0.4608761681160893,5.29,0.5535947680473328,1.0,TM,Healthy,Sehat (Hijau),Rutin,AMEIV_C18B,0.626,E,6.75,Miring Ringan,1.148,12690,Healthy,Good,None,OK,398,3.0
540,109.22281224147186,-0.4617116404420096,5.28,0.4935361742973327,0.9401,TM,Healthy,Sehat (Hijau),Rutin,AMEIV_C18B,0.843,SW,9.07,Miring Ringan,1.391,12530,Healthy,Good,None,OK,398,3.0
328,109.22361904414998,-0.4609830909741849,5.28,0.3738303780555725,0.6219,TM,Moderate,Perhatian (Kuning),Monitoring,AMEIV_C18B,0.076,NE,0.82,Tegak,1.072,13872,Suspect,Critical,Priority Survey,OK,398,3.0
523,109.22331686483896,-0.4616366813355442,5.27,0.4379559457302093,0.7917,TM,Healthy,Sehat (Hijau),Rutin,AMEIV_C18B,0.175,N,1.9,Tegak,1.334,6293,Normal,Moderate,Routine,OK,398,3.0
487,109.22294031577142,-0.4614747343455031,5.27,0.4447810053825378,0.8099,TM,Healthy,Sehat (Hijau),Rutin,AMEIV_C18B,0.622,E,6.73,Miring Ringan,1.16,10755,Normal,Moderate,Routine,OK,398,3.0
403,109.22294949576953,-0.4612102667536848,5.27,0.4360324740409851,0.7866,TM,Healthy,Sehat (Hijau),Rutin,AMEIV_C18B,0.514,NE,5.57,Miring Ringan,1.13,13289,Normal,Moderate,Routine,OK,398,3.0
408,109.22370225660204,-0.4612242217592556,5.25,0.4737331569194793,0.8871,TM,Healthy,Sehat (Hijau),Rutin,AMEIV_C18B,0.546,SW,5.94,Miring Ringan,1.169,13479,Healthy,Good,None,OK,398,3.0
448,109.22261885444472,-0.4613645272226513,5.25,0.5439050197601318,1.0,TM,Healthy,Sehat (Hijau),Rutin,AMEIV_C18B,0.861,SW,9.32,Miring Ringan,1.231,12499,Healthy,Good,None,OK,398,3.0
88,109.22404029107366,-0.4613290101509832,5.23,0.495452731847763,0.9452,TM,Healthy,Sehat (Hijau),Rutin,AMEIV_C18B,0.138,E,1.51,Tegak,1.031,14540,Healthy,Good,None,OK,398,3.0
518,109.2228872510837,-0.4616182188556559,5.23,0.4397936165332794,0.7966,TM,Healthy,Sehat (Hijau),Rutin,AMEIV_C18B,0.157,W,1.72,Tegak,1.12,13575,Normal,Moderate,Routine,OK,398,3.0
142,109.22281507944072,-0.4602912626891256,5.22,0.4601677358150482,0.8509,TM,Healthy,Sehat (Hijau),Rutin,AMEIV_C18B,0.415,NW,4.55,Tegak,1.122,13949,Healthy,Good,None,OK,398,3.0
279,109.22405616425098,-0.4608038283255377,5.22,0.3918303549289703,0.6694,TM,Healthy,Sehat (Hijau),Rutin,AMEIV_C18B,0.124,W,1.36,Tegak,1.16,14437,Abnormal,Sub-Optimal,Monitor,OK,398,3.0
186,109.22258346344564,-0.4604050851150175,5.21,0.3625876307487488,0.5923,TM,Moderate,Perhatian (Kuning),Monitoring,AMEIV_C18B,1.265,SW,13.64,Miring Sedang,1.451,10252,Suspect,Critical,Priority Survey,OK,398,3.0
319,109.22337835582292,-0.4609267159276202,5.21,0.4866175949573517,0.9216,TM,Healthy,Sehat (Hijau),Rutin,AMEIV_C18B,0.29,N,3.19,Tegak,1.299,13622,Healthy,Good,None,OK,398,3.0
381,109.22320388673852,-0.4611410846351103,5.21,0.4388847947120666,0.7942,TM,Healthy,Sehat (Hijau),Rutin,AMEIV_C18B,0.463,W,5.08,Tegak,1.107,12826,Normal,Moderate,Routine,OK,398,3.0
568,109.2235620908762,-0.4617714808945546,5.2,0.401324599981308,0.6945,TM,Healthy,Sehat (Hijau),Rutin,AMEIV_C18B,0.994,N,10.83,Miring Ringan,1.425,11360,Abnormal,Sub-Optimal,Monitor,OK,398,3.0
363,109.22355563042674,-0.4610936184940531,5.19,0.4697817862033844,0.8766,TM,Healthy,Sehat (Hijau),Rutin,AMEIV_C18B,0.97,SW,10.59,Miring Ringan,1.313,11458,Healthy,Good,None,OK,398,3.0
278,109.22300221149492,-0.4608031465194644,5.19,0.3997405767440796,0.6903,TM,Healthy,Sehat (Hijau),Rutin,AMEIV_C18B,0.564,NE,6.2,Miring Ringan,1.2,12841,Abnormal,Sub-Optimal,Monitor,OK,398,3.0
209,109.22256603342538,-0.4605256356064648,5.18,0.4525392949581146,0.8306,TM,Healthy,Sehat (Hijau),Rutin,AMEIV_C18B,1.022,S,11.16,Miring Sedang,1.276,12065,Normal,Moderate,Routine,OK,398,3.0
387,109.222821074917,-0.4611743600018217,5.18,0.494707316160202,0.9432,TM,Healthy,Sehat (Hijau),Rutin,AMEIV_C18B,0.053,SW,0.58,Tegak,1.173,13094,Healthy,Good,None,OK,398,3.0
277,109.22271013936636,-0.4607951473955677,5.17,0.4428125619888305,0.8046,TM,Healthy,Sehat (Hijau),Rutin,AMEIV_C18B,0.859,W,9.44,Miring Ringan,1.296,12481,Normal,Moderate,Routine,OK,398,3.0
285,109.22271427543603,-0.4608226799981397,5.17,0.4868519008159637,0.9222,TM,Healthy,Sehat (Hijau),Rutin,AMEIV_C18B,0.82,W,9.01,Miring Ringan,1.317,12279,Healthy,Good,None,OK,398,3.0
185,109.222613707606,-0.4604009212583329,5.16,0.3026117980480194,0.435,TM,Moderate,Perhatian (Kuning),Monitoring,AMEIV_C18B,0.955,E,10.49,Miring Ringan,1.325,11228,Suspect,Critical,Priority Survey,OK,398,3.0
166,109.22357238719556,-0.4603460986910566,5.15,0.0353358574211597,0.0,TM,Critical,Kritis (Merah),Gali Parit Isolasi,AMEIV_C18B,0.372,E,4.13,Tegak,1.13,15119,Suspect,Critical,Priority Survey,OK,398,3.0
152,109.22387233962196,-0.4603190594942451,5.13,0.4406245946884155,0.7988,TM,Healthy,Sehat (Hijau),Rutin,AMEIV_C18B,1.224,S,13.42,Miring Sedang,1.552,10507,Normal,Moderate,Routine,OK,398,3.0
378,109.2234967906413,-0.4611365696524523,5.13,0.4762662053108215,0.8939,TM,Healthy,Sehat (Hijau),Rutin,AMEIV_C18B,0.397,S,4.43,Tegak,1.666,10918,Healthy,Good,None,OK,398,3.0
191,109.22273591730531,-0.4604238949045855,5.13,0.0237697381526231,0.0,TM,Critical,Kritis (Merah),Gali Parit Isolasi,AMEIV_C18B,0.544,NW,6.05,Miring Ringan,1.157,13992,Suspect,Critical,Priority Survey,OK,398,3.0
340,109.22262391461612,-0.4610070353328174,5.13,0.513937771320343,0.9948,TM,Healthy,Sehat (Hijau),Rutin,AMEIV_C18B,0.691,S,7.67,Miring Ringan,1.207,13073,Healthy,Good,None,OK,398,3.0
412,109.22281484349824,-0.4612431873475985,5.13,0.4034609496593475,0.7002,TM,Healthy,Sehat (Hijau),Rutin,AMEIV_C18B,0.259,E,2.89,Tegak,1.184,12652,Abnormal,Sub-Optimal,Monitor,OK,398,3.0
299,109.22269934870872,-0.4608723164908341,5.12,0.4701973795890808,0.8777,TM,Healthy,Sehat (Hijau),Rutin,AMEIV_C18B,0.447,N,4.99,Tegak,1.046,14453,Healthy,Good,None,OK,398,3.0
351,109.2234607682306,-0.4610527144407055,5.12,0.4738726913928985,0.8875,TM,Healthy,Sehat (Hijau),Rutin,AMEIV_C18B,0.568,S,6.33,Miring Ringan,1.096,13066,Healthy,Good,None,OK,398,3.0
481,109.22257947416404,-0.4614562891879931,5.11,0.3656426668167114,0.6003,TM,Moderate,Perhatian (Kuning),Monitoring,AMEIV_C18B,0.541,W,6.04,Miring Ringan,1.872,4363,Suspect,Critical,Priority Survey,OK,398,3.0
513,109.22279901445562,-0.4615898307960007,5.11,0.4439956247806549,0.8078,TM,Healthy,Sehat (Hijau),Rutin,AMEIV_C18B,0.156,W,1.75,Tegak,1.435,10296,Normal,Moderate,Routine,OK,398,3.0
316,109.2237458339564,-0.4609138767298129,5.1,0.4549626111984253,0.837,TM,Healthy,Sehat (Hijau),Rutin,AMEIV_C18B,0.806,E,8.99,Miring Ringan,1.347,13307,Normal,Moderate,Routine,OK,398,3.0
213,109.22294096155866,-0.4605411641033423,5.09,0.439916729927063,0.7969,TM,Healthy,Sehat (Hijau),Rutin,AMEIV_C18B,1.008,S,11.2,Miring Sedang,1.424,11987,Normal,Moderate,Routine,OK,398,3.0
552,109.22336821272836,-0.4617334719057784,5.06,0.4616809785366058,0.8549,TM,Healthy,Sehat (Hijau),Rutin,AMEIV_C18B,0.78,S,8.76,Miring Ringan,1.291,12352,Healthy,Good,None,OK,398,3.0
203,109.2240309755196,-0.4604688544056925,5.06,0.4275176227092743,0.764,TM,Healthy,Sehat (Hijau),Rutin,AMEIV_C18B,0.077,S,0.87,Tegak,1.297,13235,Abnormal,Sub-Optimal,Monitor,OK,398,3.0
417,109.22387376334378,-0.4612613907794828,5.05,0.3946628272533417,0.6769,TM,Healthy,Sehat (Hijau),Rutin,AMEIV_C18B,0.551,NW,6.23,Miring Ringan,1.378,13097,Abnormal,Sub-Optimal,Monitor,OK,398,3.0
217,109.22300103033352,-0.4605541106775088,5.04,0.3321596384048462,0.5123,TM,Moderate,Perhatian (Kuning),Monitoring,AMEIV_C18B,0.217,SW,2.47,Tegak,1.0,16129,Suspect,Critical,Priority Survey,OK,398,3.0
522,109.223181808387,-0.4616287215993569,5.04,0.3931939899921417,0.673,TM,Healthy,Sehat (Hijau),Rutin,AMEIV_C18B,0.148,SW,1.68,Tegak,1.424,11319,Abnormal,Sub-Optimal,Monitor,OK,398,3.0
533,109.22324228006876,-0.4616875542623963,5.04,0.4655481278896332,0.8652,TM,Healthy,Sehat (Hijau),Rutin,AMEIV_C18B,0.087,NW,0.99,Tegak,1.098,15128,Healthy,Good,None,OK,398,3.0
498,109.22340140757429,-0.4615253248755092,5.03,0.4788562953472137,0.9008,TM,Healthy,Sehat (Hijau),Rutin,AMEIV_C18B,0.785,W,8.87,Miring Ringan,1.148,12827,Healthy,Good,None,OK,398,3.0
333,109.2227196197238,-0.4609899564468152,5.02,0.4780461192131042,0.8986,TM,Healthy,Sehat (Hijau),Rutin,AMEIV_C18B,0.216,E,2.46,Tegak,1.136,14316,Healthy,Good,None,OK,398,3.0
338,109.22298517588249,-0.4610037889675475,5.02,0.4714111387729645,0.8809,TM,Healthy,Sehat (Hijau),Rutin,AMEIV_C18B,0.796,SW,9.01,Miring Ringan,1.127,11486,Healthy,Good,None,OK,398,3.0
483,109.22342296719988,-0.46145858708833,5.02,0.320202499628067,0.481,TM,Moderate,Perhatian (Kuning),Monitoring,AMEIV_C18B,0.097,N,1.11,Tegak,1.012,15393,Suspect,Critical,Priority Survey,OK,398,3.0
374,109.22275024258876,-0.4611292905429348,5.01,0.4077017605304718,0.7114,TM,Healthy,Sehat (Hijau),Rutin,AMEIV_C18B,0.041,S,0.47,Tegak,1.1,14055,Abnormal,Sub-Optimal,Monitor,OK,398,3.0
286,109.22312027874123,-0.4608244505701365,5.01,0.3596138954162597,0.5845,TM,Moderate,Perhatian (Kuning),Monitoring,AMEIV_C18B,0.517,SW,5.9,Miring Ringan,1.226,13596,Suspect,Critical,Priority Survey,OK,398,3.0
317,109.22281865218434,-0.4609203181333406,5.0,0.3682425916194916,0.6072,TM,Moderate,Perhatian (Kuning),Monitoring,AMEIV_C18B,0.244,SE,2.8,Tegak,1.08,14975,Suspect,Critical,Priority Survey,OK,398,3.0
255,109.22285143244524,-0.4607130053386113,5.0,0.4199513494968414,0.7439,TM,Healthy,Sehat (Hijau),Rutin,AMEIV_C18B,0.741,N,8.43,Miring Ringan,1.19,12800,Abnormal,Sub-Optimal,Monitor,OK,398,3.0
246,109.2228096019226,-0.4606616860067768,5.0,0.3772065937519073,0.6308,TM,Moderate,Perhatian (Kuning),Monitoring,AMEIV_C18B,0.56,S,6.39,Miring Ringan,1.331,13154,Suspect,Critical,Priority Survey,OK,398,3.0
504,109.22324645827848,-0.4615453088613631,5.0,0.4269845485687256,0.7626,TM,Healthy,Sehat (Hijau),Rutin,AMEIV_C18B,0.733,N,8.34,Miring Ringan,1.174,12573,Abnormal,Sub-Optimal,Monitor,OK,398,3.0
264,109.2227457809782,-0.4607438475257188,5.0,0.3858730792999267,0.6537,TM,Healthy,Sehat (Hijau),Rutin,AMEIV_C18B,0.765,N,8.7,Miring Ringan,1.425,12124,Suspect,Critical,Priority Survey,OK,398,3.0
150,109.22396182650805,-0.4603178305014669,4.97,0.4564166069030761,0.8409,TM,Healthy,Sehat (Hijau),Rutin,AMEIV_C18B,0.286,SW,3.29,Tegak,1.122,15252,Normal,Moderate,Routine,OK,398,3.0
231,109.2232864608477,-0.4606146683591601,4.96,0.4313500523567199,0.7742,TM,Healthy,Sehat (Hijau),Rutin,AMEIV_C18B,1.503,S,16.86,Miring Berat,1.681,9044,Normal,Moderate,Routine,OK,398,3.0
384,109.22403370618711,-0.461152556075972,4.96,0.4783017039299011,0.8993,TM,Healthy,Sehat (Hijau),Rutin,AMEIV_C18B,0.939,E,10.72,Miring Ringan,1.24,11717,Healthy,Good,None,OK,398,3.0
537,109.2229489581636,-0.4617070862590466,4.95,0.4130623936653137,0.7256,TM,Healthy,Sehat (Hijau),Rutin,AMEIV_C18B,1.199,S,13.62,Miring Sedang,1.526,10365,Abnormal,Sub-Optimal,Monitor,OK,398,3.0
302,109.2236008411469,-0.460879217270959,4.95,0.4878822565078735,0.925,TM,Healthy,Sehat (Hijau),Rutin,AMEIV_C18B,0.197,SW,2.28,Tegak,1.076,15577,Healthy,Good,None,OK,398,3.0
254,109.2231696071095,-0.4607118338089775,4.94,0.4357007443904876,0.7857,TM,Healthy,Sehat (Hijau),Rutin,AMEIV_C18B,0.294,NW,3.41,Tegak,1.14,14112,Normal,Moderate,Routine,OK,398,3.0
510,109.22391262928504,-0.461573007991397,4.94,0.4599385857582092,0.8503,TM,Healthy,Sehat (Hijau),Rutin,AMEIV_C18B,0.064,NE,0.74,Tegak,1.168,12372,Normal,Moderate,Routine,OK,398,3.0
307,109.22290690319106,-0.4608907230171223,4.93,0.4852652847766876,0.9179,TM,Healthy,Sehat (Hijau),Rutin,AMEIV_C18B,0.051,S,0.6,Tegak,1.223,14234,Healthy,Good,None,OK,398,3.0
160,109.22265681023576,-0.4603341888957101,4.9,0.2104259878396988,0.1956,TM,Sub-Optimal,Sub-Optimal (Oranye),Inspeksi Lanjut,AMEIV_C18B,0.111,SW,1.3,Tegak,1.001,16111,Suspect,Critical,Priority Survey,OK,398,3.0
183,109.2232222996854,-0.4603977368425211,4.9,0.0493320487439632,0.0,TM,Critical,Kritis (Merah),Gali Parit Isolasi,AMEIV_C18B,0.434,N,5.06,Tegak,1.137,14668,Suspect,Critical,Priority Survey,OK,398,3.0
138,109.22296837222562,-0.4602683581811201,4.88,0.425559252500534,0.7588,TM,Healthy,Sehat (Hijau),Rutin,AMEIV_C18B,0.754,SW,8.78,Miring Ringan,1.366,13060,Abnormal,Sub-Optimal,Monitor,OK,398,3.0
530,109.22365657430402,-0.4616693041161734,4.87,0.4979512989521026,0.9519,TM,Healthy,Sehat (Hijau),Rutin,AMEIV_C18B,0.028,SE,0.33,Tegak,1.022,15667,Healthy,Good,None,OK,398,3.0
413,109.22382405271216,-0.4612446924802209,4.86,0.4837614893913269,0.9139,TM,Healthy,Sehat (Hijau),Rutin,AMEIV_C18B,0.996,S,11.58,Miring Ringan,1.281,11258,Healthy,Good,None,OK,398,3.0
252,109.22282326437852,-0.4606983981914488,4.84,0.2213660180568695,0.2239,TM,Sub-Optimal,Sub-Optimal (Oranye),Inspeksi Lanjut,AMEIV_C18B,0.239,NE,2.82,Tegak,1.026,15573,Suspect,Critical,Priority Survey,OK,398,3.0
151,109.2233797492401,-0.4603189359352977,4.83,0.3511146008968353,0.5621,TM,Moderate,Perhatian (Kuning),Monitoring,AMEIV_C18B,0.262,SE,3.11,Tegak,1.0,16129,Suspect,Critical,Priority Survey,OK,398,3.0
189,109.22376252879911,-0.4604162267705158,4.82,0.0013254650402814,0.0,TM,Critical,Kritis (Merah),Gali Parit Isolasi,AMEIV_C18B,0.191,N,2.27,Tegak,1.0,16129,Suspect,Critical,Priority Survey,OK,398,3.0
368,109.22305309205812,-0.4611139323087718,4.82,0.415709525346756,0.7326,TM,Healthy,Sehat (Hijau),Rutin,AMEIV_C18B,0.413,SW,4.9,Tegak,1.184,12784,Abnormal,Sub-Optimal,Monitor,OK,398,3.0
366,109.22343299686192,-0.4611090220466057,4.81,0.4349221289157867,0.7837,TM,Healthy,Sehat (Hijau),Rutin,AMEIV_C18B,0.415,SW,4.94,Tegak,1.11,13763,Normal,Moderate,Routine,OK,398,3.0
527,109.22277911270967,-0.461653648959878,4.81,0.4117067456245422,0.722,TM,Healthy,Sehat (Hijau),Rutin,AMEIV_C18B,0.03,N,0.36,Tegak,1.02,15814,Abnormal,Sub-Optimal,Monitor,OK,398,3.0
330,109.222759807148,-0.4609845436631157,4.81,0.4314644336700439,0.7745,TM,Healthy,Sehat (Hijau),Rutin,AMEIV_C18B,0.485,NW,5.75,Tegak,1.15,14063,Normal,Moderate,Routine,OK,398,3.0
441,109.22404650583432,-0.4613273431321073,4.8,0.5081350207328796,0.9793,TM,Healthy,Sehat (Hijau),Rutin,AMEIV_C18B,0.146,SW,1.75,Tegak,1.058,15307,Healthy,Good,None,OK,398,3.0
515,109.22382437811136,-0.4616030202486592,4.8,0.399892657995224,0.6908,TM,Healthy,Sehat (Hijau),Rutin,AMEIV_C18B,0.156,S,1.87,Tegak,1.089,11719,Abnormal,Sub-Optimal,Monitor,OK,398,3.0
542,109.2230835993774,-0.4617188002048104,4.78,0.3818470537662506,0.6431,TM,Moderate,Perhatian (Kuning),Monitoring,AMEIV_C18B,0.53,SE,6.32,Miring Ringan,1.031,14457,Suspect,Critical,Priority Survey,OK,398,3.0
471,109.22313670300558,-0.4614184691717499,4.77,0.3972858786582947,0.6839,TM,Healthy,Sehat (Hijau),Rutin,AMEIV_C18B,0.27,E,3.23,Tegak,1.013,15484,Abnormal,Sub-Optimal,Monitor,OK,398,3.0
365,109.22338991373928,-0.4610969140134006,4.75,0.4887914657592773,0.9274,TM,Healthy,Sehat (Hijau),Rutin,AMEIV_C18B,0.518,S,6.22,Miring Ringan,1.077,14139,Healthy,Good,None,OK,398,3.0
359,109.22299095483316,-0.4610888879925005,4.75,0.4849206507205963,0.917,TM,Healthy,Sehat (Hijau),Rutin,AMEIV_C18B,0.533,SW,6.4,Miring Ringan,1.174,14042,Healthy,Good,None,OK,398,3.0
452,109.22281398179452,-0.4613766735065211,4.75,0.4440318644046783,0.8079,TM,Healthy,Sehat (Hijau),Rutin,AMEIV_C18B,0.268,S,3.23,Tegak,1.04,15230,Normal,Moderate,Routine,OK,398,3.0
211,109.22279927610592,-0.4605348713575604,4.74,0.3430114388465881,0.5408,TM,Moderate,Perhatian (Kuning),Monitoring,AMEIV_C18B,1.592,S,18.56,Miring Berat,1.984,7302,Suspect,Critical,Priority Survey,OK,398,3.0
155,109.222967115208,-0.4603255067252036,4.74,0.2245726436376571,0.2322,TM,Sub-Optimal,Sub-Optimal (Oranye),Inspeksi Lanjut,AMEIV_C18B,0.962,NW,11.47,Miring Ringan,1.035,9621,Suspect,Critical,Priority Survey,OK,398,3.0
190,109.2237144700614,-0.4604208033103379,4.74,0.0125238355249166,0.0,TM,Critical,Kritis (Merah),Gali Parit Isolasi,AMEIV_C18B,0.259,N,3.13,Tegak,1.0,16129,Suspect,Critical,Priority Survey,OK,398,3.0
462,109.22338693859444,-0.4613997605750026,4.72,0.4273175299167633,0.7635,TM,Healthy,Sehat (Hijau),Rutin,AMEIV_C18B,0.174,SW,2.11,Tegak,1.041,14885,Abnormal,Sub-Optimal,Monitor,OK,398,3.0
536,109.22265025623884,-0.4617036739141382,4.71,0.5059248805046082,0.9733,TM,Healthy,Sehat (Hijau),Rutin,AMEIV_C18B,0.329,S,3.99,Tegak,1.025,15909,Healthy,Good,None,OK,398,3.0
394,109.22303194352868,-0.461193601682995,4.71,0.4316346943378448,0.7749,TM,Healthy,Sehat (Hijau),Rutin,AMEIV_C18B,0.469,SW,5.69,Tegak,1.128,12972,Normal,Moderate,Routine,OK,398,3.0
251,109.22272922387369,-0.4606854430799944,4.7,0.3693962395191192,0.6102,TM,Moderate,Perhatian (Kuning),Monitoring,AMEIV_C18B,0.924,SW,11.12,Miring Ringan,1.357,12611,Suspect,Critical,Priority Survey,OK,398,3.0
175,109.22320573512664,-0.4603693668249513,4.7,0.0507111921906471,0.0,TM,Critical,Kritis (Merah),Gali Parit Isolasi,AMEIV_C18B,0.415,E,5.05,Tegak,1.027,15369,Suspect,Critical,Priority Survey,OK,398,3.0
546,109.2229079397673,-0.4617220931531122,4.7,0.3935633301734924,0.674,TM,Healthy,Sehat (Hijau),Rutin,AMEIV_C18B,0.793,E,9.58,Miring Ringan,1.075,13629,Abnormal,Sub-Optimal,Monitor,OK,398,3.0
225,109.2231269677365,-0.4605808395729002,4.68,0.0739824548363685,0.0,TM,Critical,Kritis (Merah),Gali Parit Isolasi,AMEIV_C18B,0.376,E,4.6,Tegak,1.085,12533,Suspect,Critical,Priority Survey,OK,398,3.0
558,109.2229928606336,-0.4617563204143369,4.68,0.3546246588230133,0.5713,TM,Moderate,Perhatian (Kuning),Monitoring,AMEIV_C18B,0.881,NW,10.66,Miring Ringan,1.39,11177,Suspect,Critical,Priority Survey,OK,398,3.0
461,109.22341676869137,-0.4613947623352263,4.67,0.3924823403358459,0.6712,TM,Healthy,Sehat (Hijau),Rutin,AMEIV_C18B,0.223,E,2.73,Tegak,1.07,15206,Abnormal,Sub-Optimal,Monitor,OK,398,3.0
182,109.22385989255444,-0.4603933082114302,4.67,0.5064725279808044,0.9748,TM,Healthy,Sehat (Hijau),Rutin,AMEIV_C18B,0.746,N,9.07,Miring Ringan,1.266,13332,Healthy,Good,None,OK,398,3.0
148,109.22314609096216,-0.4603147058636252,4.65,0.3033573925495147,0.4369,TM,Moderate,Perhatian (Kuning),Monitoring,AMEIV_C18B,1.04,N,12.61,Miring Sedang,1.351,10423,Suspect,Critical,Priority Survey,OK,398,3.0
174,109.22368424064942,-0.4603653154250876,4.65,0.0240691266953945,0.0,TM,Critical,Kritis (Merah),Gali Parit Isolasi,AMEIV_C18B,0.359,S,4.41,Tegak,1.012,15764,Suspect,Critical,Priority Survey,OK,398,3.0
199,109.2239278227467,-0.4604471369788289,4.64,0.442359060049057,0.8034,TM,Healthy,Sehat (Hijau),Rutin,AMEIV_C18B,1.034,N,12.56,Miring Sedang,1.468,11971,Normal,Moderate,Routine,OK,398,3.0
393,109.22291884289722,-0.4611919046692906,4.63,0.4377065598964691,0.7911,TM,Healthy,Sehat (Hijau),Rutin,AMEIV_C18B,0.235,NE,2.9,Tegak,1.034,15854,Normal,Moderate,Routine,OK,398,3.0
281,109.22304032396065,-0.4608119161372103,4.63,0.4658264517784118,0.866,TM,Healthy,Sehat (Hijau),Rutin,AMEIV_C18B,0.738,NW,9.06,Miring Ringan,1.192,12689,Healthy,Good,None,OK,398,3.0
339,109.22406025723,-0.4610053104882307,4.62,0.5087554454803467,0.9809,TM,Healthy,Sehat (Hijau),Rutin,AMEIV_C18B,0.252,NE,3.13,Tegak,1.218,12532,Healthy,Good,None,OK,398,3.0
120,109.22302932443657,-0.4617308837491701,4.62,0.4194166362285614,0.7425,TM,Healthy,Sehat (Hijau),Rutin,AMEIV_C18B,0.06,NE,0.75,Tegak,1.061,15498,Abnormal,Sub-Optimal,Monitor,OK,398,3.0
141,109.223151900826,-0.4602750785461762,4.62,0.4637442231178283,0.8604,TM,Healthy,Sehat (Hijau),Rutin,AMEIV_C18B,0.491,S,6.07,Tegak,1.089,14671,Healthy,Good,None,OK,398,3.0
349,109.22288200723966,-0.4610463118244695,4.62,0.4444896876811981,0.8091,TM,Healthy,Sehat (Hijau),Rutin,AMEIV_C18B,0.483,NE,5.97,Tegak,1.053,14215,Normal,Moderate,Routine,OK,398,3.0
146,109.22275417476014,-0.4603079332022223,4.6,0.3494060635566711,0.5576,TM,Moderate,Perhatian (Kuning),Monitoring,AMEIV_C18B,0.329,N,4.09,Tegak,1.022,15599,Suspect,Critical,Priority Survey,OK,398,3.0
318,109.22262600644272,-0.4609248583169763,4.59,0.3187480866909027,0.4772,TM,Moderate,Perhatian (Kuning),Monitoring,AMEIV_C18B,1.148,W,14.05,Miring Sedang,1.415,11043,Suspect,Critical,Priority Survey,OK,398,3.0
202,109.22311746945304,-0.4604581965602533,4.59,0.2365772873163223,0.2632,TM,Sub-Optimal,Sub-Optimal (Oranye),Inspeksi Lanjut,AMEIV_C18B,0.414,N,5.15,Tegak,1.2,12205,Suspect,Critical,Priority Survey,OK,398,3.0
357,109.22295325872696,-0.4610717755745142,4.59,0.5374765992164612,1.0,TM,Healthy,Sehat (Hijau),Rutin,AMEIV_C18B,0.596,SE,7.4,Miring Ringan,1.25,13495,Healthy,Good,None,OK,398,3.0
501,109.22287194163484,-0.4615406260448391,4.58,0.6532315611839294,1.0,TM,Healthy,Sehat (Hijau),Rutin,AMEIV_C18B,0.058,SW,0.72,Tegak,1.037,14872,Healthy,Good,None,OK,398,3.0
437,109.22258241074154,-0.4613090377873827,4.58,0.3940356075763702,0.6753,TM,Healthy,Sehat (Hijau),Rutin,AMEIV_C18B,0.007,NW,0.09,Tegak,1.059,13003,Abnormal,Sub-Optimal,Monitor,OK,398,3.0
488,109.22389773700226,-0.4614837351799494,4.58,0.4272739291191101,0.7633,TM,Healthy,Sehat (Hijau),Rutin,AMEIV_C18B,0.031,SW,0.39,Tegak,1.366,11869,Abnormal,Sub-Optimal,Monitor,OK,398,3.0
402,109.22273447961508,-0.4612097955469057,4.57,0.441659927368164,0.8016,TM,Healthy,Sehat (Hijau),Rutin,AMEIV_C18B,0.078,N,0.97,Tegak,1.031,15495,Normal,Moderate,Routine,OK,398,3.0
525,109.22360728159332,-0.4616380058328391,4.57,0.4496025145053863,0.8227,TM,Healthy,Sehat (Hijau),Rutin,AMEIV_C18B,0.262,SW,3.29,Tegak,1.099,15126,Normal,Moderate,Routine,OK,398,3.0
564,109.2230666023155,-0.4617638475849767,4.55,0.36636683344841,0.6022,TM,Moderate,Perhatian (Kuning),Monitoring,AMEIV_C18B,0.819,NE,10.2,Miring Ringan,1.451,11243,Suspect,Critical,Priority Survey,OK,398,3.0
268,109.22342024135502,-0.4607561141188034,4.55,0.4330297112464905,0.7786,TM,Healthy,Sehat (Hijau),Rutin,AMEIV_C18B,0.03,S,0.37,Tegak,1.022,15788,Normal,Moderate,Routine,OK,398,3.0
421,109.22397484632184,-0.4612764334090204,4.53,0.4976624250411987,0.9512,TM,Healthy,Sehat (Hijau),Rutin,AMEIV_C18B,0.086,W,1.09,Tegak,1.101,14307,Healthy,Good,None,OK,398,3.0
407,109.22262137537912,-0.4612226985975963,4.53,0.3725496828556061,0.6185,TM,Moderate,Perhatian (Kuning),Monitoring,AMEIV_C18B,0.591,W,7.43,Miring Ringan,1.038,14123,Suspect,Critical,Priority Survey,OK,398,3.0
173,109.2234124669652,-0.4603639958096825,4.53,0.3933897912502289,0.6736,TM,Healthy,Sehat (Hijau),Rutin,AMEIV_C18B,0.294,NW,3.71,Tegak,1.0,16129,Abnormal,Sub-Optimal,Monitor,OK,398,3.0
500,109.22397478144686,-0.4615379834252818,4.52,0.4101578891277313,0.7179,TM,Healthy,Sehat (Hijau),Rutin,AMEIV_C18B,0.289,NW,3.66,Tegak,1.223,10386,Abnormal,Sub-Optimal,Monitor,OK,398,3.0
499,109.22414298383332,-0.4615351057011622,4.52,0.3593112826347351,0.5837,TM,Moderate,Perhatian (Kuning),Monitoring,AMEIV_C18B,0.771,W,9.68,Miring Ringan,1.295,9861,Suspect,Critical,Priority Survey,OK,398,3.0
447,109.2229987616572,-0.4613496055583395,4.52,0.4418560564517975,0.8021,TM,Healthy,Sehat (Hijau),Rutin,AMEIV_C18B,0.102,SW,1.29,Tegak,1.01,15940,Normal,Moderate,Routine,OK,398,3.0
390,109.22396948403323,-0.4611817401041053,4.51,0.5012432336807251,0.9608,TM,Healthy,Sehat (Hijau),Rutin,AMEIV_C18B,0.115,N,1.46,Tegak,1.323,9126,Healthy,Good,None,OK,398,3.0
177,109.22273385753272,-0.4603767570131049,4.51,0.083115354180336,0.0,TM,Critical,Kritis (Merah),Gali Parit Isolasi,AMEIV_C18B,0.334,SW,4.23,Tegak,1.042,15556,Suspect,Critical,Priority Survey,OK,398,3.0
179,109.22327823280392,-0.4603814822217156,4.49,0.3003062605857849,0.429,TM,Moderate,Perhatian (Kuning),Monitoring,AMEIV_C18B,1.002,NW,12.58,Miring Sedang,1.144,12279,Suspect,Critical,Priority Survey,OK,398,3.0
250,109.22317831535536,-0.4606788815401619,4.47,0.4243398904800415,0.7555,TM,Healthy,Sehat (Hijau),Rutin,AMEIV_C18B,0.488,SE,6.23,Tegak,1.065,14863,Abnormal,Sub-Optimal,Monitor,OK,398,3.0
320,109.22355567168508,-0.4609271776124553,4.45,0.4107944071292877,0.7196,TM,Healthy,Sehat (Hijau),Rutin,AMEIV_C18B,0.178,SW,2.29,Tegak,1.282,14016,Abnormal,Sub-Optimal,Monitor,OK,398,3.0
375,109.22288902864156,-0.461133079736933,4.45,0.4390342533588409,0.7946,TM,Healthy,Sehat (Hijau),Rutin,AMEIV_C18B,0.006,NW,0.08,Tegak,1.009,16045,Normal,Moderate,Routine,OK,398,3.0
283,109.22307263782102,-0.4608148442688116,4.45,0.4199568331241607,0.7439,TM,Healthy,Sehat (Hijau),Rutin,AMEIV_C18B,0.327,SE,4.2,Tegak,1.458,12220,Abnormal,Sub-Optimal,Monitor,OK,398,3.0
180,109.22280552826456,-0.4603821978855758,4.45,0.0271891206502914,0.0,TM,Critical,Kritis (Merah),Gali Parit Isolasi,AMEIV_C18B,0.249,SE,3.21,Tegak,1.019,16010,Suspect,Critical,Priority Survey,OK,398,3.0
200,109.22299484151164,-0.4604510743172642,4.45,0.2125769257545471,0.2012,TM,Sub-Optimal,Sub-Optimal (Oranye),Inspeksi Lanjut,AMEIV_C18B,0.076,SW,0.98,Tegak,1.112,14542,Suspect,Critical,Priority Survey,OK,398,3.0
343,109.22353700766106,-0.4610118533774164,4.45,0.453658252954483,0.8335,TM,Healthy,Sehat (Hijau),Rutin,AMEIV_C18B,0.035,W,0.45,Tegak,1.136,14759,Normal,Moderate,Routine,OK,398,3.0
178,109.22353012190936,-0.460377373969942,4.43,0.2131754904985427,0.2027,TM,Sub-Optimal,Sub-Optimal (Oranye),Inspeksi Lanjut,AMEIV_C18B,0.156,S,2.02,Tegak,1.017,16023,Suspect,Critical,Priority Survey,OK,398,3.0
346,109.22293503878096,-0.4610363136741951,4.41,0.4531368315219879,0.8321,TM,Healthy,Sehat (Hijau),Rutin,AMEIV_C18B,0.417,N,5.4,Tegak,1.167,13903,Normal,Moderate,Routine,OK,398,3.0
245,109.22289328891536,-0.4606596212984994,4.41,0.3592146337032318,0.5834,TM,Moderate,Perhatian (Kuning),Monitoring,AMEIV_C18B,0.229,S,2.97,Tegak,1.02,15717,Suspect,Critical,Priority Survey,OK,398,3.0
507,109.22374816039164,-0.4615562808237842,4.41,0.4778817892074585,0.8982,TM,Healthy,Sehat (Hijau),Rutin,AMEIV_C18B,0.152,S,1.97,Tegak,1.129,12388,Healthy,Good,None,OK,398,3.0
226,109.2227362922229,-0.4605828272082207,4.4,0.1797461509704589,0.1166,TM,Critical,Kritis (Merah),Gali Parit Isolasi,AMEIV_C18B,0.719,NE,9.28,Miring Ringan,1.271,12593,Suspect,Critical,Priority Survey,OK,398,3.0
512,109.22294650277584,-0.4615848621696758,4.4,0.478434681892395,0.8997,TM,Healthy,Sehat (Hijau),Rutin,AMEIV_C18B,0.102,N,1.33,Tegak,1.034,15352,Healthy,Good,None,OK,398,3.0
337,109.222865032542,-0.4610012559050356,4.39,0.4321625828742981,0.7763,TM,Healthy,Sehat (Hijau),Rutin,AMEIV_C18B,0.388,SE,5.05,Tegak,1.168,14457,Normal,Moderate,Routine,OK,398,3.0
401,109.22329915638038,-0.461209520365415,4.35,0.4097334146499634,0.7168,TM,Healthy,Sehat (Hijau),Rutin,AMEIV_C18B,0.167,S,2.2,Tegak,1.028,15397,Abnormal,Sub-Optimal,Monitor,OK,398,3.0
147,109.2225283863048,-0.4603107965505121,4.35,0.3208784759044647,0.4828,TM,Moderate,Perhatian (Kuning),Monitoring,AMEIV_C18B,0.046,W,0.6,Tegak,1.0,16129,Suspect,Critical,Priority Survey,OK,398,3.0
434,109.2238103662542,-0.461304757942273,4.35,0.465960294008255,0.8663,TM,Healthy,Sehat (Hijau),Rutin,AMEIV_C18B,0.568,NE,7.44,Miring Ringan,1.054,14679,Healthy,Good,None,OK,398,3.0
430,109.22274025834568,-0.4612957288507941,4.34,0.4766051769256592,0.8948,TM,Healthy,Sehat (Hijau),Rutin,AMEIV_C18B,0.102,SE,1.35,Tegak,1.178,10460,Healthy,Good,None,OK,398,3.0
362,109.22346365832944,-0.4610927610937521,4.33,0.4312034547328949,0.7738,TM,Healthy,Sehat (Hijau),Rutin,AMEIV_C18B,0.679,N,8.91,Miring Ringan,1.169,12824,Normal,Moderate,Routine,OK,398,3.0
528,109.223896865259,-0.4616576844965064,4.33,0.458273708820343,0.8458,TM,Healthy,Sehat (Hijau),Rutin,AMEIV_C18B,0.195,NE,2.58,Tegak,1.14,10606,Normal,Moderate,Routine,OK,398,3.0
274,109.22300884777792,-0.4607722794587263,4.32,0.338904470205307,0.53,TM,Moderate,Perhatian (Kuning),Monitoring,AMEIV_C18B,0.261,S,3.46,Tegak,1.02,15465,Suspect,Critical,Priority Survey,OK,398,3.0
386,109.22326478006782,-0.461170300091808,4.31,0.4597192704677582,0.8497,TM,Healthy,Sehat (Hijau),Rutin,AMEIV_C18B,0.173,SW,2.3,Tegak,1.026,15091,Normal,Moderate,Routine,OK,398,3.0
468,109.22310356190889,-0.4614101179367832,4.29,0.4017537832260132,0.6957,TM,Healthy,Sehat (Hijau),Rutin,AMEIV_C18B,0.331,SW,4.42,Tegak,1.069,15327,Abnormal,Sub-Optimal,Monitor,OK,398,3.0
133,109.2227637178774,-0.4602495353092113,4.26,0.4352369308471679,0.7845,TM,Healthy,Sehat (Hijau),Rutin,AMEIV_C18B,0.791,S,10.52,Miring Ringan,1.302,12187,Normal,Moderate,Routine,OK,398,3.0
243,109.2225461160063,-0.4606528597886137,4.26,0.3344100713729858,0.5182,TM,Moderate,Perhatian (Kuning),Monitoring,AMEIV_C18B,0.403,E,5.4,Tegak,1.131,15182,Suspect,Critical,Priority Survey,OK,398,3.0
470,109.22362805208095,-0.4614123355540209,4.25,0.4356628060340881,0.7856,TM,Healthy,Sehat (Hijau),Rutin,AMEIV_C18B,0.91,W,12.08,Miring Ringan,1.147,10951,Normal,Moderate,Routine,OK,398,3.0
475,109.22348843283368,-0.4614269005258025,4.25,0.4293832182884216,0.7689,TM,Healthy,Sehat (Hijau),Rutin,AMEIV_C18B,0.295,W,3.97,Tegak,1.031,15374,Abnormal,Sub-Optimal,Monitor,OK,398,3.0
405,109.22355767208543,-0.4612137567938252,4.25,0.4832705557346344,0.9126,TM,Healthy,Sehat (Hijau),Rutin,AMEIV_C18B,0.648,N,8.67,Miring Ringan,1.319,13244,Healthy,Good,None,OK,398,3.0
161,109.22273635339327,-0.4603358774386687,4.24,0.0284932106733322,0.0,TM,Critical,Kritis (Merah),Gali Parit Isolasi,AMEIV_C18B,0.404,NW,5.45,Tegak,1.025,15047,Suspect,Critical,Priority Survey,OK,398,3.0
432,109.2237668672806,-0.4612989069768843,4.24,0.4905189275741577,0.932,TM,Healthy,Sehat (Hijau),Rutin,AMEIV_C18B,0.406,W,5.48,Tegak,1.062,15173,Healthy,Good,None,OK,398,3.0
389,109.22347689439366,-0.461178279159978,4.23,0.4061560332775116,0.7073,TM,Healthy,Sehat (Hijau),Rutin,AMEIV_C18B,0.423,N,5.71,Tegak,1.018,14416,Abnormal,Sub-Optimal,Monitor,OK,398,3.0
270,109.22346332613226,-0.4607615478233083,4.22,0.3622513115406036,0.5914,TM,Moderate,Perhatian (Kuning),Monitoring,AMEIV_C18B,0.023,SE,0.31,Tegak,1.002,16100,Suspect,Critical,Priority Survey,OK,398,3.0
446,109.22396819968552,-0.4613490150010555,4.21,0.4661354422569275,0.8668,TM,Healthy,Sehat (Hijau),Rutin,AMEIV_C18B,0.151,E,2.05,Tegak,1.275,8277,Healthy,Good,None,OK,398,3.0
466,109.22405767158844,-0.4614082721083559,4.2,0.4285255372524261,0.7667,TM,Healthy,Sehat (Hijau),Rutin,AMEIV_C18B,0.099,NW,1.36,Tegak,1.191,9798,Abnormal,Sub-Optimal,Monitor,OK,398,3.0
356,109.22406148510916,-0.4610657968516981,4.17,0.434009313583374,0.7812,TM,Healthy,Sehat (Hijau),Rutin,AMEIV_C18B,0.085,N,1.17,Tegak,1.03,12960,Normal,Moderate,Routine,OK,398,3.0
297,109.2233771272218,-0.4608691496017906,4.17,0.4717579185962677,0.8818,TM,Healthy,Sehat (Hijau),Rutin,AMEIV_C18B,0.156,S,2.14,Tegak,1.012,15271,Healthy,Good,None,OK,398,3.0
439,109.22352988839766,-0.4613197046628155,4.16,0.3478027880191803,0.5534,TM,Moderate,Perhatian (Kuning),Monitoring,AMEIV_C18B,0.519,N,7.11,Miring Ringan,1.096,14708,Suspect,Critical,Priority Survey,OK,398,3.0
478,109.22397687514572,-0.4614482977363447,4.15,0.5241145491600037,1.0,TM,Healthy,Sehat (Hijau),Rutin,AMEIV_C18B,0.059,E,0.81,Tegak,1.235,10609,Healthy,Good,None,OK,398,3.0
207,109.22260663606194,-0.4605164686142705,4.15,0.4490498602390289,0.8213,TM,Healthy,Sehat (Hijau),Rutin,AMEIV_C18B,0.562,S,7.71,Miring Ringan,1.112,15194,Normal,Moderate,Routine,OK,398,3.0
219,109.22296539699228,-0.4605720389648594,4.15,0.4115535914897918,0.7216,TM,Healthy,Sehat (Hijau),Rutin,AMEIV_C18B,0.305,NE,4.21,Tegak,1.073,15022,Abnormal,Sub-Optimal,Monitor,OK,398,3.0
422,109.22319639589824,-0.4612766548808424,4.13,0.4324164688587188,0.777,TM,Healthy,Sehat (Hijau),Rutin,AMEIV_C18B,0.136,W,1.89,Tegak,1.155,12514,Normal,Moderate,Routine,OK,398,3.0
342,109.22259822804942,-0.4610095317456629,4.13,0.4618377983570099,0.8553,TM,Healthy,Sehat (Hijau),Rutin,AMEIV_C18B,0.309,S,4.28,Tegak,1.02,15986,Healthy,Good,None,OK,398,3.0
490,109.22265610798271,-0.4614955200883059,4.12,0.3777610957622528,0.6323,TM,Moderate,Perhatian (Kuning),Monitoring,AMEIV_C18B,0.158,E,2.2,Tegak,1.103,13912,Suspect,Critical,Priority Survey,OK,398,3.0
187,109.22290163619006,-0.4604114221527385,4.11,0.0231844168156385,0.0,TM,Critical,Kritis (Merah),Gali Parit Isolasi,AMEIV_C18B,0.024,E,0.34,Tegak,1.002,16107,Suspect,Critical,Priority Survey,OK,398,3.0
502,109.2234511181929,-0.461542023181507,4.1,0.4533087015151977,0.8326,TM,Healthy,Sehat (Hijau),Rutin,AMEIV_C18B,0.121,SE,1.68,Tegak,1.146,13988,Normal,Moderate,Routine,OK,398,3.0
188,109.22253871802006,-0.4604138339245635,4.07,0.2543406784534454,0.3093,TM,Sub-Optimal,Sub-Optimal (Oranye),Inspeksi Lanjut,AMEIV_C18B,0.345,E,4.84,Tegak,1.0,16129,Suspect,Critical,Priority Survey,OK,398,3.0
469,109.22317357633248,-0.4614122212703343,4.07,0.4094922244548797,0.7162,TM,Healthy,Sehat (Hijau),Rutin,AMEIV_C18B,0.28,NW,3.94,Tegak,1.019,15871,Abnormal,Sub-Optimal,Monitor,OK,398,3.0
287,109.22277641637474,-0.4608327070880491,4.06,0.4790230095386505,0.9012,TM,Healthy,Sehat (Hijau),Rutin,AMEIV_C18B,0.135,N,1.9,Tegak,1.265,13412,Healthy,Good,None,OK,398,3.0
433,109.22385013827645,-0.4613039336483881,4.06,0.334069013595581,0.5173,TM,Moderate,Perhatian (Kuning),Monitoring,AMEIV_C18B,0.743,NW,10.37,Miring Ringan,1.157,13629,Suspect,Critical,Priority Survey,OK,398,3.0
259,109.22303702856314,-0.4607355777790156,4.06,0.4297724962234497,0.77,TM,Healthy,Sehat (Hijau),Rutin,AMEIV_C18B,0.4,N,5.63,Tegak,1.134,14594,Abnormal,Sub-Optimal,Monitor,OK,398,3.0
480,109.22335046744246,-0.4614548145499617,4.05,0.4287231266498565,0.7672,TM,Healthy,Sehat (Hijau),Rutin,AMEIV_C18B,0.231,SE,3.27,Tegak,1.164,14190,Abnormal,Sub-Optimal,Monitor,OK,398,3.0
411,109.2234470507446,-0.4612379234041768,4.05,0.5008370280265808,0.9597,TM,Healthy,Sehat (Hijau),Rutin,AMEIV_C18B,0.056,E,0.8,Tegak,1.018,15732,Healthy,Good,None,OK,398,3.0
267,109.22352381531284,-0.4607498829494338,4.01,0.3759582936763763,0.6275,TM,Moderate,Perhatian (Kuning),Monitoring,AMEIV_C18B,0.005,SW,0.07,Tegak,1.001,16075,Suspect,Critical,Priority Survey,OK,398,3.0
153,109.22383091034315,-0.4603203005391275,4.01,0.2861325144767761,0.392,TM,Moderate,Perhatian (Kuning),Monitoring,AMEIV_C18B,0.505,S,7.17,Miring Ringan,1.193,14494,Suspect,Critical,Priority Survey,OK,398,3.0
548,109.2233334141578,-0.4617263716831914,3.97,0.4907851815223694,0.9327,TBM,Healthy,Sehat (Hijau),Rutin,AMEIV_C18B,0.373,S,5.36,Tegak,1.054,15009,Healthy,Good,None,OK,398,3.0
145,109.22405918738067,-0.4603065919970229,3.96,0.5842357873916626,1.0,TBM,Healthy,Sehat (Hijau),Rutin,AMEIV_C18B,0.103,NE,1.49,Tegak,1.064,15230,Healthy,Good,None,OK,398,3.0
272,109.2232756509761,-0.4607694264512741,3.95,0.374041199684143,0.6225,TBM,Moderate,Perhatian (Kuning),Monitoring,AMEIV_C18B,0.799,N,11.43,Miring Ringan,1.142,15081,Suspect,Critical,Priority Survey,OK,398,3.0
410,109.22305513339604,-0.4612353220106539,3.95,0.4533676505088806,0.8328,TBM,Healthy,Sehat (Hijau),Rutin,AMEIV_C18B,0.473,SW,6.83,Tegak,1.089,12841,Normal,Moderate,Routine,OK,398,3.0
282,109.22319278210271,-0.4608136230110304,3.94,0.451465755701065,0.8277,TBM,Healthy,Sehat (Hijau),Rutin,AMEIV_C18B,0.282,SE,4.09,Tegak,1.195,12495,Normal,Moderate,Routine,OK,398,3.0
336,109.22367994111474,-0.4609977063503534,3.93,0.4826359152793884,0.9109,TBM,Healthy,Sehat (Hijau),Rutin,AMEIV_C18B,0.908,E,13.01,Miring Ringan,1.114,12150,Healthy,Good,None,OK,398,3.0
456,109.2229904665495,-0.4613871465189747,3.92,0.3813603818416595,0.6418,TBM,Moderate,Perhatian (Kuning),Monitoring,AMEIV_C18B,0.398,NE,5.79,Tegak,1.183,14705,Suspect,Critical,Priority Survey,OK,398,3.0
572,109.22410978071126,-0.4617766244341619,3.9,0.3937801718711853,0.6746,TBM,Healthy,Sehat (Hijau),Rutin,AMEIV_C18B,0.117,SW,1.72,Tegak,1.081,13471,Abnormal,Sub-Optimal,Monitor,OK,398,3.0
712,109.22388123855671,-0.461188809399136,3.87,0.4087558090686798,0.7142,TBM,Healthy,Sehat (Hijau),Rutin,AMEIV_C18B,,,,NoData,,0,Abnormal,Sub-Optimal,Monitor,OK,398,3.0
324,109.22398113842831,-0.4609627418079636,3.84,0.5425583720207214,1.0,TBM,Healthy,Sehat (Hijau),Rutin,AMEIV_C18B,0.031,E,0.46,Tegak,1.136,12761,Healthy,Good,None,OK,398,3.0
167,109.22393903190246,-0.4603528649800104,3.83,0.3386861979961395,0.5294,TBM,Moderate,Perhatian (Kuning),Monitoring,AMEIV_C18B,0.368,W,5.49,Tegak,1.0,16126,Suspect,Critical,Priority Survey,OK,398,3.0
514,109.22310517226651,-0.4615986678771363,3.82,0.4163756370544433,0.7344,TBM,Healthy,Sehat (Hijau),Rutin,AMEIV_C18B,0.173,NW,2.6,Tegak,1.081,10428,Abnormal,Sub-Optimal,Monitor,OK,398,3.0
156,109.22328363240682,-0.4603255861423418,3.8,0.3418588042259216,0.5378,TBM,Moderate,Perhatian (Kuning),Monitoring,AMEIV_C18B,0.658,W,9.83,Miring Ringan,1.0,16129,Suspect,Critical,Priority Survey,OK,398,3.0
391,109.22381288230105,-0.4611825350454601,3.8,0.4037514328956604,0.701,TBM,Healthy,Sehat (Hijau),Rutin,AMEIV_C18B,0.101,N,1.53,Tegak,1.351,7356,Abnormal,Sub-Optimal,Monitor,OK,398,3.0
438,109.22355723327551,-0.4613126200705191,3.79,0.3566493093967438,0.5767,TBM,Moderate,Perhatian (Kuning),Monitoring,AMEIV_C18B,0.488,W,7.33,Tegak,1.062,14655,Suspect,Critical,Priority Survey,OK,398,3.0
444,109.22333806804468,-0.4613367593844916,3.79,0.4381736218929291,0.7923,TBM,Healthy,Sehat (Hijau),Rutin,AMEIV_C18B,0.208,NW,3.14,Tegak,1.007,14842,Normal,Moderate,Routine,OK,398,3.0
310,109.22369861009966,-0.460893007613487,3.77,0.4559899866580963,0.8397,TBM,Healthy,Sehat (Hijau),Rutin,AMEIV_C18B,0.095,N,1.45,Tegak,1.213,14354,Normal,Moderate,Routine,OK,398,3.0
551,109.22395029072972,-0.4617298640506165,3.75,0.3615565598011017,0.5896,TBM,Moderate,Perhatian (Kuning),Monitoring,AMEIV_C18B,0.767,S,11.56,Miring Ringan,1.093,13940,Suspect,Critical,Priority Survey,OK,398,3.0
511,109.22266644346928,-0.4615831231157437,3.75,0.3702562749385834,0.6125,TBM,Moderate,Perhatian (Kuning),Monitoring,AMEIV_C18B,0.039,E,0.6,Tegak,1.011,15117,Suspect,Critical,Priority Survey,OK,398,3.0
244,109.22406324354284,-0.4606569949893765,3.73,0.4193050265312195,0.7422,TBM,Healthy,Sehat (Hijau),Rutin,AMEIV_C18B,0.107,W,1.64,Tegak,1.156,13157,Abnormal,Sub-Optimal,Monitor,OK,398,3.0
215,109.22284153094508,-0.4605457277345294,3.73,0.3157251179218292,0.4693,TBM,Moderate,Perhatian (Kuning),Monitoring,AMEIV_C18B,1.273,SW,18.85,Miring Sedang,1.25,11205,Suspect,Critical,Priority Survey,OK,398,3.0
400,109.22326891354894,-0.4612082613282369,3.69,0.4137576222419739,0.7275,TBM,Healthy,Sehat (Hijau),Rutin,AMEIV_C18B,0.204,NW,3.17,Tegak,1.001,16110,Abnormal,Sub-Optimal,Monitor,OK,398,3.0
135,109.22268582826229,-0.4602624472565584,3.67,0.3393038511276245,0.5311,TBM,Moderate,Perhatian (Kuning),Monitoring,AMEIV_C18B,0.682,E,10.53,Miring Ringan,1.011,15484,Suspect,Critical,Priority Survey,OK,398,3.0
395,109.22364882078168,-0.4611937567363913,3.65,0.4700088202953338,0.8772,TBM,Healthy,Sehat (Hijau),Rutin,AMEIV_C18B,0.275,SE,4.31,Tegak,1.002,15891,Healthy,Good,None,OK,398,3.0
753,109.22256786825932,-0.4614796463804764,3.65,0.3455658853054046,0.5475,TBM,Moderate,Perhatian (Kuning),Monitoring,AMEIV_C18B,,,,NoData,,0,Suspect,Critical,Priority Survey,OK,398,3.0
269,109.22323961057332,-0.460758154484797,3.64,0.4396296441555023,0.7962,TBM,Healthy,Sehat (Hijau),Rutin,AMEIV_C18B,1.292,NE,19.55,Miring Sedang,1.516,11501,Normal,Moderate,Routine,OK,398,3.0
451,109.223277988183,-0.4613684473005548,3.63,0.422928899526596,0.7518,TBM,Healthy,Sehat (Hijau),Rutin,AMEIV_C18B,0.929,SE,14.35,Miring Ringan,1.454,11457,Abnormal,Sub-Optimal,Monitor,OK,398,3.0
247,109.2235246653864,-0.4606631169850004,3.61,0.3918878734111786,0.6696,TBM,Healthy,Sehat (Hijau),Rutin,AMEIV_C18B,0.019,N,0.31,Tegak,1.0,16129,Abnormal,Sub-Optimal,Monitor,OK,398,3.0
519,109.2230413657664,-0.4616224290863261,3.56,0.4882646799087524,0.926,TBM,Healthy,Sehat (Hijau),Rutin,AMEIV_C18B,0.112,S,1.81,Tegak,1.275,8411,Healthy,Good,None,OK,398,3.0
321,109.22325406480522,-0.4609433705054357,3.56,0.4634709358215332,0.8597,TBM,Healthy,Sehat (Hijau),Rutin,AMEIV_C18B,0.234,NE,3.76,Tegak,1.184,13560,Healthy,Good,None,OK,398,3.0
239,109.2231969673768,-0.460642594607554,3.52,0.3732547461986542,0.6204,TBM,Moderate,Perhatian (Kuning),Monitoring,AMEIV_C18B,0.801,SE,12.82,Miring Ringan,1.001,16115,Suspect,Critical,Priority Survey,OK,398,3.0
427,109.22326475151009,-0.4612854321118724,3.51,0.3941105604171753,0.6755,TBM,Healthy,Sehat (Hijau),Rutin,AMEIV_C18B,0.46,N,7.47,Tegak,1.197,13723,Abnormal,Sub-Optimal,Monitor,OK,398,3.0
526,109.22375228092751,-0.4616463852095979,3.49,0.3421709835529327,0.5386,TBM,Moderate,Perhatian (Kuning),Monitoring,AMEIV_C18B,0.084,NW,1.38,Tegak,1.219,11325,Suspect,Critical,Priority Survey,OK,398,3.0
