Tree_ID,Longitude,Latitude,Height_m,NDRE_Value,Classification,Health_Status,Action,Block_Name,Ring_ID,Distance_to_Center_m,Ring_Radius_m
28,109.23665435710748,-0.4490255341716431,0.0,0.3786735502994444,Abnormal,Abnormal,Monitor,D011A,RING-001,15.935,5.0
47,109.23660793502644,-0.4489476174926554,0.0,0.3836260804900208,Abnormal,Abnormal,Monitor,D011A,RING-001,8.161,5.0
46,109.2365281678884,-0.4489756576293268,0.0,0.391926245310822,Abnormal,Abnormal,Monitor,D011A,RING-001,3.301,5.0
68,109.23649268173465,-0.4488888208889677,0.0,0.3928106687608437,Abnormal,Abnormal,Monitor,D011A,RING-001,7.904,5.0
67,109.2363900228601,-0.4488949424822633,0.0,0.3605680571619406,Abnormal,Abnormal,Monitor,D011A,RING-001,17.077,5.0
80,109.237613597267,-0.4488817582217725,0.0,0.392173783883361,Abnormal,Abnormal,Monitor,D011A,RING-002,12.527,5.0
93,109.23766351523632,-0.4488518624204058,0.0,0.3789074926809432,Abnormal,Abnormal,Monitor,D011A,RING-002,6.064,5.0
94,109.2377480234779,-0.4488089368111376,0.0,0.3866698417676726,Abnormal,Abnormal,Monitor,D011A,RING-002,4.546,5.0
118,109.23781245094824,-0.4487466244614404,0.0,0.3822430601364546,Abnormal,Abnormal,Monitor,D011A,RING-002,14.197,5.0
103,109.23639028027284,-0.4487353572101748,0.0,0.3745233152327711,Abnormal,Abnormal,Monitor,D011A,RING-003,15.791,5.0
124,109.23647718243772,-0.4486958531858793,0.0,0.3518446203557545,Abnormal,Abnormal,Monitor,D011A,RING-003,6.054,5.0
105,109.23656686437624,-0.4487367239709851,0.0,0.3727639529270662,Abnormal,Abnormal,Monitor,D011A,RING-003,5.097,5.0
125,109.23659288731636,-0.4486694160407042,0.0,0.3848039006445938,Abnormal,Abnormal,Monitor,D011A,RING-003,8.31,5.0
106,109.23662187188022,-0.4487108164817697,0.0,0.3967655367057503,Abnormal,Abnormal,Monitor,D011A,RING-003,10.248,5.0
165,109.23765158478676,-0.4485085356889258,0.0,0.3445078876121978,Abnormal,Abnormal,Monitor,D011A,RING-004,9.855,5.0
188,109.2376605824736,-0.4484573300724919,0.0,0.354459634941756,Abnormal,Abnormal,Monitor,D011A,RING-004,4.726,5.0
206,109.2376681771822,-0.4483530118612686,0.0,0.2791677755981967,Suspect,Suspect,Priority Survey,D011A,RING-004,8.086,5.0
205,109.23757762181046,-0.4483620021654046,0.0,0.3745884320526465,Abnormal,Abnormal,Monitor,D011A,RING-004,9.426,5.0
193,109.23612525803908,-0.4483569195779346,0.0,0.3930442069934026,Abnormal,Abnormal,Monitor,D011A,RING-005,17.124,5.0
209,109.23608417372256,-0.4482893069107758,0.0,0.3922635213697421,Abnormal,Abnormal,Monitor,D011A,RING-005,8.473,5.0
223,109.23603434998572,-0.4481959114597343,0.0,0.3972445205448594,Abnormal,Abnormal,Monitor,D011A,RING-005,3.666,5.0
245,109.23606990315184,-0.4481228942998269,0.0,0.3877323658607724,Abnormal,Abnormal,Monitor,D011A,RING-005,10.415,5.0
244,109.23600262342886,-0.4481114078542854,0.0,0.2845512233802433,Suspect,Suspect,Priority Survey,D011A,RING-005,13.271,5.0
224,109.23610092280512,-0.4481959854799742,0.0,0.3806384655688715,Abnormal,Abnormal,Monitor,D011A,RING-005,5.084,5.0
222,109.23600343524006,-0.4482437441040393,0.0,0.3728152674146482,Abnormal,Abnormal,Monitor,D011A,RING-005,6.985,5.0
225,109.23622881428176,-0.4481893264877701,0.0,0.3662253288393848,Abnormal,Abnormal,Monitor,D011A,RING-006,7.455,5.0
247,109.23627245576596,-0.4481490062233332,0.0,0.3035904478636798,Abnormal,Abnormal,Monitor,D011A,RING-006,2.891,5.0
260,109.23626933197308,-0.4480459379468968,0.0,0.3862958605720618,Abnormal,Abnormal,Monitor,D011A,RING-006,9.187,5.0
267,109.23599749291267,-0.4479782250379215,0.0,0.3513394338443377,Abnormal,Abnormal,Monitor,D011A,RING-007,19.648,5.0
277,109.23602730104534,-0.447907573034134,0.0,0.3433192137586526,Abnormal,Abnormal,Monitor,D011A,RING-007,13.482,5.0
278,109.23606534394445,-0.4478657303805196,0.0,0.3535810314586662,Abnormal,Abnormal,Monitor,D011A,RING-007,9.108,5.0
279,109.23614255273448,-0.4479016316868397,0.0,0.3758024348141845,Abnormal,Abnormal,Monitor,D011A,RING-007,2.242,5.0
280,109.23621012607104,-0.4478873510904537,0.0,0.3768855479142184,Abnormal,Abnormal,Monitor,D011A,RING-007,7.208,5.0
281,109.2362838662854,-0.4478908993443592,0.0,0.3787805963030192,Abnormal,Abnormal,Monitor,D011A,RING-007,15.422,5.0
282,109.23635803909758,-0.447922305549926,0.0,0.3823466385513836,Abnormal,Abnormal,Monitor,D011A,RING-007,24.069,5.0
295,109.2362351622426,-0.4478143232299322,0.0,0.3271916407106989,Abnormal,Abnormal,Monitor,D011A,RING-007,12.434,5.0
294,109.2361436879356,-0.4478311590136403,0.0,0.3943924933049926,Abnormal,Abnormal,Monitor,D011A,RING-007,5.578,5.0
293,109.23599274016128,-0.4478166572655692,0.0,0.3739829451978608,Abnormal,Abnormal,Monitor,D011A,RING-007,18.471,5.0
271,109.23687815494276,-0.4479592582700772,0.0,0.3843516934137403,Abnormal,Abnormal,Monitor,D011A,RING-008,9.125,5.0
284,109.23695660481876,-0.4479102606158689,0.0,0.3259094438931362,Abnormal,Abnormal,Monitor,D011A,RING-008,1.89,5.0
298,109.23698618756484,-0.4478468049328486,0.0,0.3963691374324742,Abnormal,Abnormal,Monitor,D011A,RING-008,8.251,5.0
306,109.23643141328871,-0.447751055347361,0.0,0.390490370386945,Abnormal,Abnormal,Monitor,D011A,RING-009,27.017,5.0
320,109.23647286304184,-0.4476803934807325,0.0,0.3843287498407735,Abnormal,Abnormal,Monitor,D011A,RING-009,19.11,5.0
335,109.23653015562913,-0.4475985094730328,0.0,0.367029342142035,Abnormal,Abnormal,Monitor,D011A,RING-009,12.801,5.0
352,109.23657172806207,-0.4475068678798085,0.0,0.3939953658662515,Abnormal,Abnormal,Monitor,D011A,RING-009,12.634,5.0
372,109.23651332339936,-0.4474459247554056,0.0,0.3798999811136087,Abnormal,Abnormal,Monitor,D011A,RING-009,9.214,5.0
371,109.23642303689164,-0.4474352330719175,0.0,0.3866081288148932,Abnormal,Abnormal,Monitor,D011A,RING-009,8.962,5.0
393,109.2364682294077,-0.4473396161522731,0.0,0.3812615668057372,Abnormal,Abnormal,Monitor,D011A,RING-009,18.662,5.0
410,109.2364159407286,-0.4472952304295712,0.0,0.3871497525031964,Abnormal,Abnormal,Monitor,D011A,RING-009,24.002,5.0
392,109.2363838607162,-0.4473515451470396,0.0,0.3715672712104912,Abnormal,Abnormal,Monitor,D011A,RING-009,19.189,5.0
370,109.23640041114508,-0.4474617036736133,0.0,0.3634073971843485,Abnormal,Abnormal,Monitor,D011A,RING-009,8.234,5.0
334,109.2364419911826,-0.4475751110803025,0.0,0.3830174287337033,Abnormal,Abnormal,Monitor,D011A,RING-009,7.621,5.0
351,109.2365073678904,-0.4475021508465227,0.0,0.3674700505276648,Abnormal,Abnormal,Monitor,D011A,RING-009,5.508,5.0
319,109.23639683924196,-0.4476625142508265,0.0,0.3605987867423267,Abnormal,Abnormal,Monitor,D011A,RING-009,18.382,5.0
316,109.23599752438516,-0.4476850638976397,0.0,0.3738148818727574,Abnormal,Abnormal,Monitor,D011A,RING-010,34.53,5.0
331,109.23603795273306,-0.4475845834379253,0.0,0.3697680082329948,Abnormal,Abnormal,Monitor,D011A,RING-010,22.975,5.0
330,109.23598923725444,-0.4475558592347753,0.0,0.3760087363963403,Abnormal,Abnormal,Monitor,D011A,RING-010,24.913,5.0
348,109.23610113376192,-0.4475241119696807,0.0,0.3719484137060742,Abnormal,Abnormal,Monitor,D011A,RING-010,13.348,5.0
349,109.23613189531154,-0.4475045621377748,0.0,0.3677587304412407,Abnormal,Abnormal,Monitor,D011A,RING-010,9.668,5.0
350,109.23623296297782,-0.4474998137171894,0.0,0.3981919627318728,Abnormal,Abnormal,Monitor,D011A,RING-010,10.373,5.0
368,109.23626625227516,-0.4474351182539035,0.0,0.3940606238988555,Abnormal,Abnormal,Monitor,D011A,RING-010,10.375,5.0
390,109.23623659338897,-0.44733229766477,0.0,0.3611574918578691,Abnormal,Abnormal,Monitor,D011A,RING-010,12.681,5.0
408,109.2362902084835,-0.4472915403039127,0.0,0.3920383278577605,Abnormal,Abnormal,Monitor,D011A,RING-010,19.895,5.0
426,109.2362972032616,-0.4472090925014862,0.0,0.3512108811869659,Abnormal,Abnormal,Monitor,D011A,RING-010,27.822,5.0
425,109.2362128019472,-0.4471959199504296,0.0,0.388217827838524,Abnormal,Abnormal,Monitor,D011A,RING-010,25.995,5.0
407,109.23619973775804,-0.4472736765839737,0.0,0.3608160907410638,Abnormal,Abnormal,Monitor,D011A,RING-010,17.278,5.0
406,109.23610825025476,-0.4472593113524882,0.0,0.3202611302300981,Abnormal,Abnormal,Monitor,D011A,RING-010,19.975,5.0
389,109.23612603559012,-0.4473478167149574,0.0,0.349103934825198,Abnormal,Abnormal,Monitor,D011A,RING-010,10.281,5.0
367,109.2362127845784,-0.4474303975279898,0.0,0.3551483933179656,Abnormal,Abnormal,Monitor,D011A,RING-010,4.401,5.0
333,109.23630423890376,-0.4475799066836164,0.0,0.3905109105189909,Abnormal,Abnormal,Monitor,D011A,RING-010,22.257,5.0
332,109.23620194962989,-0.4475618926868946,0.0,0.3861713010262741,Abnormal,Abnormal,Monitor,D011A,RING-010,15.171,5.0
326,109.23770183129776,-0.4476828052661597,0.0,0.3954589973012204,Abnormal,Abnormal,Monitor,D011A,RING-011,22.116,5.0
345,109.23764458727936,-0.4476100947326623,0.0,0.3849835722933966,Abnormal,Abnormal,Monitor,D011A,RING-011,11.872,5.0
361,109.23759227744266,-0.4475413046332331,0.0,0.3316896494559046,Abnormal,Abnormal,Monitor,D011A,RING-011,2.356,5.0
383,109.23756381971803,-0.4474413943020374,0.0,0.3740804347570559,Abnormal,Abnormal,Monitor,D011A,RING-011,9.153,5.0
402,109.2376243456815,-0.4473763255665524,0.0,0.393329168351832,Abnormal,Abnormal,Monitor,D011A,RING-011,16.677,5.0
382,109.23746231248516,-0.4474396208302292,0.0,0.3987441058350722,Abnormal,Abnormal,Monitor,D011A,RING-011,16.309,5.0
381,109.23736882794954,-0.4474595561127779,0.0,0.3190804475481988,Abnormal,Abnormal,Monitor,D011A,RING-011,24.926,5.0
346,109.23771476658038,-0.4476220484754335,0.0,0.3957067083346767,Abnormal,Abnormal,Monitor,D011A,RING-011,18.297,5.0
395,109.23664926831694,-0.447362331655217,0.0,0.3891873642925388,Abnormal,Abnormal,Monitor,D011A,RING-012,10.325,5.0
412,109.236606124741,-0.4472736917230491,0.0,0.3740889788222459,Abnormal,Abnormal,Monitor,D011A,RING-012,0.909,5.0
427,109.23655387977928,-0.4472079518821585,0.0,0.3812478830447451,Abnormal,Abnormal,Monitor,D011A,RING-012,9.787,5.0
400,109.2372886791293,-0.4473631039930836,0.0,0.3718915583893862,Abnormal,Abnormal,Monitor,D011A,RING-013,7.475,5.0
419,109.23731964609796,-0.447310936998567,0.0,0.3913820474893037,Abnormal,Abnormal,Monitor,D011A,RING-013,3.018,5.0
433,109.23728253370072,-0.4472139554274792,0.0,0.3923615689101772,Abnormal,Abnormal,Monitor,D011A,RING-013,9.21,5.0
414,109.2367759859828,-0.447283290360676,0.0,0.379256602396096,Abnormal,Abnormal,Monitor,D011A,RING-014,13.465,5.0
415,109.2368394879696,-0.4473007279600248,0.0,0.395788664185822,Abnormal,Abnormal,Monitor,D011A,RING-014,8.01,5.0
430,109.2368853865082,-0.4472164764218098,0.0,0.3951625794382356,Abnormal,Abnormal,Monitor,D011A,RING-014,4.039,5.0
431,109.23696840096608,-0.4472332197148654,0.0,0.352898239248885,Abnormal,Abnormal,Monitor,D011A,RING-014,8.658,5.0
416,109.23695667818282,-0.4473097938817728,0.0,0.3687845845609867,Abnormal,Abnormal,Monitor,D011A,RING-014,9.531,5.0
448,109.23693171174276,-0.4471697868781599,0.0,0.3550649077176169,Abnormal,Abnormal,Monitor,D011A,RING-014,10.082,5.0
423,109.23599763756503,-0.4472113232647949,0.0,0.3239948835619539,Abnormal,Abnormal,Monitor,D011A,RING-015,24.542,5.0
439,109.23597388547844,-0.4471509030950549,0.0,0.3638614412332071,Abnormal,Abnormal,Monitor,D011A,RING-015,20.232,5.0
461,109.23599529676272,-0.4470641751286832,0.0,0.3508800359690003,Abnormal,Abnormal,Monitor,D011A,RING-015,12.068,5.0
473,109.23601553818416,-0.4469787327907863,0.0,0.3597122419184157,Abnormal,Abnormal,Monitor,D011A,RING-015,8.846,5.0
474,109.2361117699921,-0.4469984064887605,0.0,0.3582277992903784,Abnormal,Abnormal,Monitor,D011A,RING-015,2.804,5.0
475,109.23619856221134,-0.4470015147580517,0.0,0.3604020716753354,Abnormal,Abnormal,Monitor,D011A,RING-015,12.226,5.0
462,109.23621640418835,-0.4470672842420836,0.0,0.3603110792263885,Abnormal,Abnormal,Monitor,D011A,RING-015,15.565,5.0
476,109.2362900466637,-0.44697221407201,0.0,0.3951292114202366,Abnormal,Abnormal,Monitor,D011A,RING-015,22.752,5.0
490,109.23600487294652,-0.4469036155000778,0.0,0.3670904257483472,Abnormal,Abnormal,Monitor,D011A,RING-015,14.969,5.0
507,109.23609289524283,-0.4468450300542415,0.0,0.3932383071053327,Abnormal,Abnormal,Monitor,D011A,RING-015,18.159,5.0
491,109.2360820828134,-0.4469086756395434,0.0,0.3625548686735028,Abnormal,Abnormal,Monitor,D011A,RING-015,11.145,5.0
464,109.23645871800828,-0.447089513560207,0.0,0.3699576650997204,Abnormal,Abnormal,Monitor,D011A,RING-016,10.359,5.0
477,109.2364671904528,-0.4470069946669729,0.0,0.3948212493455125,Abnormal,Abnormal,Monitor,D011A,RING-016,4.909,5.0
478,109.2365266033856,-0.4469985068101996,0.0,0.3534621726607252,Abnormal,Abnormal,Monitor,D011A,RING-016,2.288,5.0
494,109.23657483053113,-0.4469016933148422,0.0,0.3967209520214501,Abnormal,Abnormal,Monitor,D011A,RING-016,14.112,5.0
465,109.23652771256953,-0.4470632748160683,0.0,0.366875530962198,Abnormal,Abnormal,Monitor,D011A,RING-016,5.965,5.0
488,109.23792929061266,-0.4470535677711894,0.0,0.3732835038404309,Abnormal,Abnormal,Monitor,D011A,RING-017,9.63,5.0
502,109.2379753943906,-0.446997653370686,0.0,0.3676304118824942,Abnormal,Abnormal,Monitor,D011A,RING-017,2.125,5.0
503,109.2379894922322,-0.4469548327365913,0.0,0.2797954303287575,Suspect,Suspect,Priority Survey,D011A,RING-017,4.611,5.0
504,109.23804586123738,-0.4469037262623441,0.0,0.3792734907966908,Abnormal,Abnormal,Monitor,D011A,RING-017,11.72,5.0
489,109.23803211808377,-0.4470714416958782,0.0,0.3598350363478425,Abnormal,Abnormal,Monitor,D011A,RING-017,9.311,5.0
496,109.23721441814791,-0.4469555795926124,0.0,0.3170758068771365,Abnormal,Abnormal,Monitor,D011A,RING-018,14.541,5.0
514,109.23719559886295,-0.446882124196318,0.0,0.374521037718902,Abnormal,Abnormal,Monitor,D011A,RING-018,6.174,5.0
532,109.23715737715466,-0.4467848367182564,0.0,0.3366804883153626,Abnormal,Abnormal,Monitor,D011A,RING-018,5.393,5.0
533,109.2372508479776,-0.446788403251734,0.0,0.3895497739516029,Abnormal,Abnormal,Monitor,D011A,RING-018,9.487,5.0
548,109.23706269229254,-0.4467380515971189,0.0,0.3338498848257729,Abnormal,Abnormal,Monitor,D011A,RING-018,16.201,5.0
499,109.23767441265927,-0.4469588295794088,0.0,0.3960374409629318,Abnormal,Abnormal,Monitor,D011A,RING-019,5.638,5.0
519,109.2377018985938,-0.4468774103305509,0.0,0.3966198374806352,Abnormal,Abnormal,Monitor,D011A,RING-019,4.374,5.0
518,109.23765418708012,-0.4468874139271224,0.0,0.3934646569807763,Abnormal,Abnormal,Monitor,D011A,RING-019,3.387,5.0
538,109.23602271794816,-0.4466893768572621,0.0,0.3813021785640453,Abnormal,Abnormal,Monitor,D011A,RING-020,6.08,5.0
557,109.23609794247643,-0.4466536489932836,0.0,0.3607275759256382,Abnormal,Abnormal,Monitor,D011A,RING-020,3.422,5.0
540,109.23618207210804,-0.4467061512402898,0.0,0.3970417934144201,Abnormal,Abnormal,Monitor,D011A,RING-020,12.383,5.0
556,109.23598110744184,-0.4466320333248175,0.0,0.3853879115203754,Abnormal,Abnormal,Monitor,D011A,RING-020,11.496,5.0
539,109.23609281051094,-0.4466918634402361,0.0,0.3718787552160353,Abnormal,Abnormal,Monitor,D011A,RING-020,2.724,5.0
572,109.23621839652576,-0.4465251337618232,0.0,0.3756859232896833,Abnormal,Abnormal,Monitor,D011A,RING-021,25.551,5.0
605,109.23619033534588,-0.4464310129349136,0.0,0.3694776598526482,Abnormal,Abnormal,Monitor,D011A,RING-021,15.254,5.0
617,109.23616098056443,-0.4463485554507768,0.0,0.3681665943071141,Abnormal,Abnormal,Monitor,D011A,RING-021,7.988,5.0
633,109.23619625696873,-0.4462755969620088,0.0,0.2965478793335107,Suspect,Suspect,Priority Survey,D011A,RING-021,2.454,5.0
648,109.23621289702338,-0.4462021022431036,0.0,0.36409850262604,Abnormal,Abnormal,Monitor,D011A,RING-021,10.194,5.0
649,109.23627469127337,-0.4461973316089487,0.0,0.3948595655293552,Abnormal,Abnormal,Monitor,D011A,RING-021,13.013,5.0
667,109.23629403152356,-0.4461276527768167,0.0,0.3928575797177995,Abnormal,Abnormal,Monitor,D011A,RING-021,20.739,5.0
632,109.2361186037436,-0.446246284340273,0.0,0.3727778113545539,Abnormal,Abnormal,Monitor,D011A,RING-021,11.3,5.0
621,109.23658678971375,-0.4463382742023179,0.0,0.3523429214680121,Abnormal,Abnormal,Monitor,D011A,RING-022,9.006,5.0
636,109.23653131922649,-0.4462641543705208,0.0,0.3837121819339206,Abnormal,Abnormal,Monitor,D011A,RING-022,2.086,5.0
652,109.2365318810203,-0.4461947043054632,0.0,0.3448970398612371,Abnormal,Abnormal,Monitor,D011A,RING-022,8.104,5.0
644,109.23765202407546,-0.4463216634080828,0.0,0.3835966605275622,Abnormal,Abnormal,Monitor,D011A,RING-023,4.633,5.0
662,109.23765953004154,-0.4462424693346236,0.0,0.3706116730666292,Abnormal,Abnormal,Monitor,D011A,RING-023,6.569,5.0
645,109.237743411191,-0.4463241044607282,0.0,0.3834468327780059,Abnormal,Abnormal,Monitor,D011A,RING-023,7.204,5.0
647,109.23599517554854,-0.446178735939376,0.0,0.3431376622441398,Abnormal,Abnormal,Monitor,D011A,RING-024,14.146,5.0
666,109.23603307287016,-0.4461218474849288,0.0,0.3603463105196673,Abnormal,Abnormal,Monitor,D011A,RING-024,6.741,5.0
680,109.2360922984634,-0.446070091552678,0.0,0.3460251210405077,Abnormal,Abnormal,Monitor,D011A,RING-024,2.013,5.0
681,109.23614324945882,-0.4460246420116264,0.0,0.3752366850514872,Abnormal,Abnormal,Monitor,D011A,RING-024,9.577,5.0
682,109.23623097376635,-0.446036600837456,0.0,0.3588544996612388,Abnormal,Abnormal,Monitor,D011A,RING-024,17.553,5.0
679,109.23598774823442,-0.4460710212572071,0.0,0.3836668470563988,Abnormal,Abnormal,Monitor,D011A,RING-024,10.412,5.0
714,109.236132113129,-0.4459095256412522,0.0,0.3578141723245373,Abnormal,Abnormal,Monitor,D011A,RING-025,6.913,5.0
727,109.2361697959872,-0.4458554377395459,0.0,0.3469859184808652,Abnormal,Abnormal,Monitor,D011A,RING-025,3.468,5.0
728,109.2362606094389,-0.4458787923785859,0.0,0.3926246416390069,Abnormal,Abnormal,Monitor,D011A,RING-025,8.142,5.0
757,109.23603261803952,-0.4456892297122527,0.0,0.3982696770250432,Abnormal,Abnormal,Monitor,D011A,RING-026,34.896,5.0
773,109.23611589341428,-0.4456323051646759,0.0,0.3392324982398631,Abnormal,Abnormal,Monitor,D011A,RING-026,28.726,5.0
782,109.23609951351251,-0.4455714391607637,0.0,0.3550168974939465,Abnormal,Abnormal,Monitor,D011A,RING-026,21.798,5.0
798,109.23612194820296,-0.445509672789449,0.0,0.3879376830476703,Abnormal,Abnormal,Monitor,D011A,RING-026,15.753,5.0
816,109.23608620347254,-0.4454217536234384,0.0,0.3822308473430624,Abnormal,Abnormal,Monitor,D011A,RING-026,5.268,5.0
830,109.23603695782374,-0.4453672966095487,0.0,0.3797675535617121,Abnormal,Abnormal,Monitor,D011A,RING-026,4.082,5.0
849,109.23610217092434,-0.4453056951807456,0.0,0.3926496051711123,Abnormal,Abnormal,Monitor,D011A,RING-026,8.453,5.0
861,109.2360540752642,-0.4452541656633223,0.0,0.3867328126122804,Abnormal,Abnormal,Monitor,D011A,RING-026,13.637,5.0
872,109.2359992884452,-0.4451720836911474,0.0,0.3699011148190966,Abnormal,Abnormal,Monitor,D011A,RING-026,23.984,5.0
887,109.23604916467792,-0.4451169705274689,0.0,0.3508823149059215,Abnormal,Abnormal,Monitor,D011A,RING-026,28.765,5.0
888,109.23612196715152,-0.4450937005466069,0.0,0.3263500081634813,Abnormal,Abnormal,Monitor,D011A,RING-026,31.699,5.0
897,109.2361553673152,-0.4450307919660991,0.0,0.3649356791356047,Abnormal,Abnormal,Monitor,D011A,RING-026,39.269,5.0
860,109.23597724194866,-0.4452370929726437,0.0,0.38999651737089,Abnormal,Abnormal,Monitor,D011A,RING-026,18.676,5.0
873,109.23607607610168,-0.4451922960951449,0.0,0.3831993889711722,Abnormal,Abnormal,Monitor,D011A,RING-026,20.324,5.0
874,109.23617628893668,-0.4451935699765468,0.0,0.3913196723656786,Abnormal,Abnormal,Monitor,D011A,RING-026,23.249,5.0
829,109.23596417877263,-0.4453638291685469,0.0,0.3611921255067173,Abnormal,Abnormal,Monitor,D011A,RING-026,12.142,5.0
797,109.23606352244724,-0.4455070678878977,0.0,0.3951407068987925,Abnormal,Abnormal,Monitor,D011A,RING-026,14.51,5.0
783,109.2361824001126,-0.445574180180362,0.0,0.3777605032763405,Abnormal,Abnormal,Monitor,D011A,RING-026,25.076,5.0
771,109.23597551751703,-0.4456552540799041,0.0,0.3843611290907428,Abnormal,Abnormal,Monitor,D011A,RING-026,32.692,5.0
772,109.2360609968487,-0.4456339974359795,0.0,0.3836848355209594,Abnormal,Abnormal,Monitor,D011A,RING-026,28.535,5.0
795,109.23797291162472,-0.4456313003950392,0.0,0.3472472149256145,Abnormal,Abnormal,Monitor,D011A,RING-027,5.753,5.0
813,109.2379645076965,-0.4455770240819944,0.0,0.3631834110214854,Abnormal,Abnormal,Monitor,D011A,RING-027,3.885,5.0
815,109.23805738857972,-0.4455495150303019,0.0,0.3916870878792248,Abnormal,Abnormal,Monitor,D011A,RING-027,7.715,5.0
801,109.23659424010818,-0.4454923860921452,0.0,0.3679917810349644,Abnormal,Abnormal,Monitor,D011A,RING-028,17.774,5.0
821,109.23651180294186,-0.4454316533672294,0.0,0.3626145182011208,Abnormal,Abnormal,Monitor,D011A,RING-028,9.889,5.0
833,109.236442113202,-0.4453632453115541,0.0,0.3786246247509474,Abnormal,Abnormal,Monitor,D011A,RING-028,10.182,5.0
832,109.23636429491202,-0.4453669567971173,0.0,0.3390679500645753,Abnormal,Abnormal,Monitor,D011A,RING-028,18.795,5.0
834,109.23656941234688,-0.4453731057167996,0.0,0.3989299535751343,Abnormal,Abnormal,Monitor,D011A,RING-028,5.263,5.0
852,109.23658978274943,-0.4453039932036721,0.0,0.3996244215200311,Abnormal,Abnormal,Monitor,D011A,RING-028,7.866,5.0
864,109.2365579167073,-0.4452426694998529,0.0,0.392915988906971,Abnormal,Abnormal,Monitor,D011A,RING-028,11.625,5.0
878,109.2366236830192,-0.4451816315564414,0.0,0.3891436315437194,Abnormal,Abnormal,Monitor,D011A,RING-028,20.71,5.0
889,109.23630294910149,-0.4451063600112436,0.0,0.3998612591302862,Abnormal,Abnormal,Monitor,D011A,RING-029,13.902,5.0
898,109.23634211685426,-0.4450217116465588,0.0,0.3834376710761278,Abnormal,Abnormal,Monitor,D011A,RING-029,5.492,5.0
915,109.23638891152308,-0.4449497452004288,0.0,0.3904611685640861,Abnormal,Abnormal,Monitor,D011A,RING-029,7.489,5.0
916,109.23645920743628,-0.4449697064460404,0.0,0.397873277238411,Abnormal,Abnormal,Monitor,D011A,RING-029,9.222,5.0
899,109.23646318452847,-0.4450397173630826,0.0,0.3960258787722355,Abnormal,Abnormal,Monitor,D011A,RING-029,8.375,5.0
940,109.23755350251136,-0.4449150615906921,0.0,0.3634737400310082,Abnormal,Abnormal,Monitor,D011A,RING-030,16.551,5.0
941,109.23759919175612,-0.4448492467740836,0.0,0.3711995900371841,Abnormal,Abnormal,Monitor,D011A,RING-030,7.802,5.0
967,109.23761804900536,-0.444763064282661,0.0,0.3800278881119073,Abnormal,Abnormal,Monitor,D011A,RING-030,2.328,5.0
982,109.2376290672102,-0.4446647007921334,0.0,0.3886744805679397,Abnormal,Abnormal,Monitor,D011A,RING-030,13.116,5.0
968,109.23769881906262,-0.4447593733601347,0.0,0.3146135464055302,Abnormal,Abnormal,Monitor,D011A,RING-030,8.733,5.0
969,109.23774793710024,-0.4447234907863941,0.0,0.3888405124053967,Abnormal,Abnormal,Monitor,D011A,RING-030,15.293,5.0
958,109.23752165811511,-0.4448077958150302,0.0,0.3986479581553184,Abnormal,Abnormal,Monitor,D011A,RING-030,11.715,5.0
1149,109.23601905229783,-0.4438661320429998,0.0,0.391876376642109,Abnormal,Abnormal,Monitor,D011A,RING-031,5.297,5.0
1165,109.2361011159297,-0.443808770346057,0.0,0.3969054692376238,Abnormal,Abnormal,Monitor,D011A,RING-031,6.693,5.0
1164,109.2360092409804,-0.4437995117702411,0.0,0.3917675747858954,Abnormal,Abnormal,Monitor,D011A,RING-031,4.696,5.0
1219,109.2361973682348,-0.4435940133255415,0.0,0.3352460381357544,Abnormal,Abnormal,Monitor,D011A,RING-032,17.395,5.0
1232,109.23618253049452,-0.4435222310055439,0.0,0.3927283375889209,Abnormal,Abnormal,Monitor,D011A,RING-032,10.382,5.0
1252,109.23610038366284,-0.4434605995732592,0.0,0.3946020874388374,Abnormal,Abnormal,Monitor,D011A,RING-032,1.068,5.0
1268,109.23613532940762,-0.4433761228920317,0.0,0.3912787078313217,Abnormal,Abnormal,Monitor,D011A,RING-032,10.133,5.0
1267,109.23606775781492,-0.4433833673000476,0.0,0.3980967519457195,Abnormal,Abnormal,Monitor,D011A,RING-032,10.043,5.0
1266,109.2359917668302,-0.4433863260214132,0.0,0.3576591861803327,Abnormal,Abnormal,Monitor,D011A,RING-032,15.654,5.0
1231,109.2360904334693,-0.4435251994218372,0.0,0.3848273738393655,Abnormal,Abnormal,Monitor,D011A,RING-032,7.088,5.0
1505,109.23649741158248,-0.4425401550372224,0.0,0.389397782030612,Abnormal,Abnormal,Monitor,D011A,RING-033,22.639,5.0
1522,109.23654570378338,-0.4424482409365138,0.0,0.3472379499518671,Abnormal,Abnormal,Monitor,D011A,RING-033,13.864,5.0
1523,109.23662407186237,-0.4424442129524982,0.0,0.3723040129086077,Abnormal,Abnormal,Monitor,D011A,RING-033,19.058,5.0
1546,109.2365112583992,-0.4423806661474229,0.0,0.3897943634758977,Abnormal,Abnormal,Monitor,D011A,RING-033,5.473,5.0
1567,109.23644888266186,-0.442329807887333,0.0,0.3883328431777124,Abnormal,Abnormal,Monitor,D011A,RING-033,4.756,5.0
1566,109.23636570729056,-0.4422909076302755,0.0,0.3620062127604225,Abnormal,Abnormal,Monitor,D011A,RING-033,14.816,5.0
1586,109.2364162352705,-0.4421952149978926,0.0,0.3526028628631796,Abnormal,Abnormal,Monitor,D011A,RING-033,17.606,5.0
1587,109.23648455500962,-0.4422341107928662,0.0,0.3812280681887324,Abnormal,Abnormal,Monitor,D011A,RING-033,11.226,5.0
1588,109.2365688848218,-0.4422000560570451,0.0,0.3696711350356805,Abnormal,Abnormal,Monitor,D011A,RING-033,17.282,5.0
1606,109.23655469486329,-0.442119880181216,0.0,0.3755919531270615,Abnormal,Abnormal,Monitor,D011A,RING-033,24.853,5.0
1545,109.23640371273692,-0.4423842286699026,0.0,0.3802504865304092,Abnormal,Abnormal,Monitor,D011A,RING-033,11.137,5.0
1521,109.23647380735116,-0.4424578192498865,0.0,0.388694447150991,Abnormal,Abnormal,Monitor,D011A,RING-033,13.666,5.0
1570,109.23678515021416,-0.4423070810051547,0.0,0.3593710380420544,Abnormal,Abnormal,Monitor,D011A,RING-034,3.623,5.0
1571,109.23685530209556,-0.442301791357168,0.0,0.3441823407031244,Abnormal,Abnormal,Monitor,D011A,RING-034,6.575,5.0
1589,109.23676248875016,-0.4422264527520199,0.0,0.3581554172506376,Abnormal,Abnormal,Monitor,D011A,RING-034,7.168,5.0
1572,109.23696700937931,-0.4422910514868239,0.0,0.3808373635112965,Abnormal,Abnormal,Monitor,D011A,RING-035,19.797,5.0
1592,109.23699911676458,-0.4421941580254855,0.0,0.3119551325431085,Abnormal,Abnormal,Monitor,D011A,RING-035,15.489,5.0
1593,109.23709417584712,-0.4422312660913475,0.0,0.371474023443999,Abnormal,Abnormal,Monitor,D011A,RING-035,4.425,5.0
1594,109.23716890242844,-0.442211664273281,0.0,0.3638963800019412,Abnormal,Abnormal,Monitor,D011A,RING-035,4.349,5.0
1595,109.23724336325382,-0.4422257737832651,0.0,0.3937709951038963,Abnormal,Abnormal,Monitor,D011A,RING-035,12.194,5.0
1596,109.23733065867964,-0.4422205560482801,0.0,0.3942335882205881,Abnormal,Abnormal,Monitor,D011A,RING-035,21.926,5.0
1621,109.23693610157706,-0.4420398884178407,0.0,0.3967022996785855,Abnormal,Abnormal,Monitor,D011A,RING-036,8.799,5.0
1640,109.23688746372336,-0.4419787940599659,0.0,0.3734948759521443,Abnormal,Abnormal,Monitor,D011A,RING-036,1.326,5.0
1658,109.2368102305431,-0.441939297492702,0.0,0.3699934004895741,Abnormal,Abnormal,Monitor,D011A,RING-036,9.135,5.0
1623,109.23735393162482,-0.4420547717911072,0.0,0.3980593536432613,Abnormal,Abnormal,Monitor,D011A,RING-037,9.009,5.0
1644,109.23734449448666,-0.4420047436652535,0.0,0.3756147206085434,Abnormal,Abnormal,Monitor,D011A,RING-037,3.464,5.0
1662,109.2373528332581,-0.4419166966899026,0.0,0.3878777914621726,Abnormal,Abnormal,Monitor,D011A,RING-037,7.092,5.0
1661,109.2372705965944,-0.441930873642798,0.0,0.3872918974984025,Abnormal,Abnormal,Monitor,D011A,RING-037,8.376,5.0
1634,109.23609297334082,-0.4419918936821787,0.0,0.3669764102236849,Abnormal,Abnormal,Monitor,D011A,RING-038,11.261,5.0
1654,109.23610925375596,-0.4419304685249283,0.0,0.3805932133878092,Abnormal,Abnormal,Monitor,D011A,RING-038,5.871,5.0
1667,109.2360322399048,-0.4418562198002976,0.0,0.3968711608392329,Abnormal,Abnormal,Monitor,D011A,RING-038,6.009,5.0
1686,109.2360567928142,-0.4417896864264187,0.0,0.398977168753004,Abnormal,Abnormal,Monitor,D011A,RING-038,11.457,5.0
1771,109.2369039641679,-0.4414678858667287,0.0,0.2891871203736672,Suspect,Suspect,Priority Survey,D011A,RING-039,3.526,5.0
1791,109.23694796120076,-0.4414275465187977,0.0,0.36955366157688,Abnormal,Abnormal,Monitor,D011A,RING-039,5.123,5.0
1790,109.23685620523828,-0.4414126054769882,0.0,0.3898538618293151,Abnormal,Abnormal,Monitor,D011A,RING-039,5.787,5.0
1792,109.2371535385517,-0.4414106824755679,0.0,0.3678971110229003,Abnormal,Abnormal,Monitor,D011A,RING-040,13.192,5.0
1793,109.23723078679592,-0.4414320803711154,0.0,0.3914982497435901,Abnormal,Abnormal,Monitor,D011A,RING-040,4.815,5.0
1794,109.2373146174318,-0.4414121931234731,0.0,0.3359639636212331,Abnormal,Abnormal,Monitor,D011A,RING-040,4.812,5.0
1795,109.23738829329656,-0.4414181392982176,0.0,0.3961344389021946,Abnormal,Abnormal,Monitor,D011A,RING-040,12.967,5.0
2057,109.23611171041053,-0.4405086384286876,0.0,0.3876850811552687,Abnormal,Abnormal,Monitor,D011A,RING-041,15.914,5.0
2078,109.23612063640664,-0.4404213675350996,0.0,0.3995693488355063,Abnormal,Abnormal,Monitor,D011A,RING-041,6.356,5.0
2097,109.23617653636244,-0.4403544645144846,0.0,0.3988427150603966,Abnormal,Abnormal,Monitor,D011A,RING-041,4.174,5.0
2126,109.2362186276117,-0.4402742315404025,0.0,0.392271896279494,Abnormal,Abnormal,Monitor,D011A,RING-041,13.447,5.0
2098,109.23629924406242,-0.4403235504334284,0.0,0.3723459637773541,Abnormal,Abnormal,Monitor,D011A,RING-041,18.232,5.0
2096,109.23607418899842,-0.4403429853695,0.0,0.3704477938532756,Abnormal,Abnormal,Monitor,D011A,RING-041,7.977,5.0
2095,109.23598934203052,-0.4403495565898001,0.0,0.398509846404515,Abnormal,Abnormal,Monitor,D011A,RING-041,17.054,5.0
2105,109.23682269417198,-0.4403363995152691,0.0,0.3903779234176312,Abnormal,Abnormal,Monitor,D011A,RING-042,13.023,5.0
2106,109.23691082444984,-0.4403065279737276,0.0,0.3333602732858775,Abnormal,Abnormal,Monitor,D011A,RING-042,3.546,5.0
2133,109.23694437457344,-0.4402354489634713,0.0,0.361941735601864,Abnormal,Abnormal,Monitor,D011A,RING-042,5.155,5.0
2134,109.23701765858432,-0.4402307070819468,0.0,0.3509172784305189,Abnormal,Abnormal,Monitor,D011A,RING-042,11.638,5.0
